-- MySQL dump 10.13  Distrib 8.0.19, for Linux (x86_64)
--
-- Host: localhost    Database: kinopoisk
-- ------------------------------------------------------
-- Server version	8.0.19

/*!40101 SET @OLD_CHARACTER_SET_CLIENT=@@CHARACTER_SET_CLIENT */;
/*!40101 SET @OLD_CHARACTER_SET_RESULTS=@@CHARACTER_SET_RESULTS */;
/*!40101 SET @OLD_COLLATION_CONNECTION=@@COLLATION_CONNECTION */;
/*!50503 SET NAMES utf8mb4 */;
/*!40103 SET @OLD_TIME_ZONE=@@TIME_ZONE */;
/*!40103 SET TIME_ZONE='+00:00' */;
/*!40014 SET @OLD_UNIQUE_CHECKS=@@UNIQUE_CHECKS, UNIQUE_CHECKS=0 */;
/*!40014 SET @OLD_FOREIGN_KEY_CHECKS=@@FOREIGN_KEY_CHECKS, FOREIGN_KEY_CHECKS=0 */;
/*!40101 SET @OLD_SQL_MODE=@@SQL_MODE, SQL_MODE='NO_AUTO_VALUE_ON_ZERO' */;
/*!40111 SET @OLD_SQL_NOTES=@@SQL_NOTES, SQL_NOTES=0 */;

--
-- Table structure for table `award_list`
--

DROP TABLE IF EXISTS `award_list`;
/*!40101 SET @saved_cs_client     = @@character_set_client */;
/*!50503 SET character_set_client = utf8mb4 */;
CREATE TABLE `award_list` (
  `award_id` int unsigned NOT NULL AUTO_INCREMENT,
  `award_name` varchar(255) DEFAULT NULL,
  PRIMARY KEY (`award_id`),
  KEY `award_list_award_id_idx` (`award_id`),
  KEY `award_list_award_name_idx` (`award_name`)
) ENGINE=InnoDB AUTO_INCREMENT=10 DEFAULT CHARSET=utf8mb4 COLLATE=utf8mb4_0900_ai_ci;
/*!40101 SET character_set_client = @saved_cs_client */;

--
-- Dumping data for table `award_list`
--

LOCK TABLES `award_list` WRITE;
/*!40000 ALTER TABLE `award_list` DISABLE KEYS */;
INSERT INTO `award_list` VALUES (3,'BAFTA Awards'),(8,'Berlin International Film Festival'),(7,'Cannes Film Festival'),(4,'Cèsar Awards'),(2,'Golden Globes'),(1,'Oscar'),(5,'Screen Actors Guild'),(9,'Venice Film Festival'),(6,'Ника');
/*!40000 ALTER TABLE `award_list` ENABLE KEYS */;
UNLOCK TABLES;

--
-- Table structure for table `awards`
--

DROP TABLE IF EXISTS `awards`;
/*!40101 SET @saved_cs_client     = @@character_set_client */;
/*!50503 SET character_set_client = utf8mb4 */;
CREATE TABLE `awards` (
  `movie_id` int unsigned NOT NULL,
  `award_id` int unsigned NOT NULL,
  PRIMARY KEY (`movie_id`),
  CONSTRAINT `awards_movie_id_fk` FOREIGN KEY (`movie_id`) REFERENCES `movie` (`id`) ON DELETE CASCADE
) ENGINE=InnoDB DEFAULT CHARSET=utf8 COLLATE=utf8_unicode_ci;
/*!40101 SET character_set_client = @saved_cs_client */;

--
-- Dumping data for table `awards`
--

LOCK TABLES `awards` WRITE;
/*!40000 ALTER TABLE `awards` DISABLE KEYS */;
INSERT INTO `awards` VALUES (1,7),(2,1),(3,0),(4,3),(5,0),(6,0),(7,0),(8,0),(9,3),(10,4),(11,0),(12,0),(13,0),(14,5),(15,7),(16,2),(17,0),(18,4),(19,0),(20,2),(21,6),(22,0),(23,0),(24,2),(25,7),(26,3),(27,6),(28,1),(29,0),(30,0),(31,5),(32,0),(33,3),(34,6),(35,3),(36,5),(37,4),(38,0),(39,7),(40,0),(41,6),(42,6),(43,6),(44,7),(45,0),(46,6),(47,7),(48,5),(49,0),(50,0),(51,4),(52,0),(53,0),(54,7),(55,0),(56,0),(57,6),(58,4),(59,3),(60,6),(61,6),(62,0),(63,2),(64,0),(65,6),(66,6),(67,0),(68,6),(69,0),(70,3),(71,0),(72,0),(73,2),(74,3),(75,0),(76,5),(77,0),(78,1),(79,0),(80,0),(81,5),(82,0),(83,0),(84,2),(85,0),(86,5),(87,1),(88,0),(89,5),(90,7),(91,0),(92,0),(93,0),(94,0),(95,0),(96,6),(97,7),(98,3),(99,6),(100,5);
/*!40000 ALTER TABLE `awards` ENABLE KEYS */;
UNLOCK TABLES;

--
-- Table structure for table `genre`
--

DROP TABLE IF EXISTS `genre`;
/*!40101 SET @saved_cs_client     = @@character_set_client */;
/*!50503 SET character_set_client = utf8mb4 */;
CREATE TABLE `genre` (
  `movie_id` int unsigned NOT NULL,
  `genre_id` int unsigned NOT NULL,
  KEY `genre_movie_id_fk` (`movie_id`),
  CONSTRAINT `genre_movie_id_fk` FOREIGN KEY (`movie_id`) REFERENCES `movie` (`id`) ON DELETE CASCADE
) ENGINE=InnoDB DEFAULT CHARSET=utf8 COLLATE=utf8_unicode_ci;
/*!40101 SET character_set_client = @saved_cs_client */;

--
-- Dumping data for table `genre`
--

LOCK TABLES `genre` WRITE;
/*!40000 ALTER TABLE `genre` DISABLE KEYS */;
INSERT INTO `genre` VALUES (90,1),(93,2),(38,9),(67,9),(6,9),(81,9),(64,7),(62,1),(28,2),(84,9),(100,7),(53,2),(69,8),(29,4),(92,7),(67,2),(77,5),(32,6),(71,9),(96,2),(95,10),(22,5),(72,5),(96,9),(40,1),(45,1),(7,4),(10,5),(89,8),(44,2),(97,4),(22,10),(60,3),(78,6),(46,1),(60,1),(68,7),(92,9),(14,9),(98,9),(59,7),(16,6),(88,2),(65,5),(54,1),(58,6),(52,3),(55,4),(17,9),(41,3),(91,3),(18,2),(86,2),(29,4),(86,1),(64,1),(61,9),(3,3),(84,6),(76,3),(63,5),(48,1),(76,8),(92,9),(100,4),(86,5),(5,8),(59,1),(66,1),(53,10),(57,3),(72,1),(17,3),(62,1),(55,9),(55,9),(54,3),(13,2),(59,7),(34,10),(23,4),(60,6),(79,1),(62,3),(43,6),(72,4),(16,2),(30,7),(91,9),(32,2),(19,8),(23,5),(91,4),(56,6),(35,7),(72,1),(63,4),(39,6),(25,7),(57,8),(28,2),(2,10),(19,9),(26,8),(16,10),(41,4),(13,5),(59,2),(11,9),(29,7),(9,2),(38,3),(95,7),(35,5),(91,9),(86,9),(22,9),(19,6),(50,4),(54,8),(92,10),(72,1),(87,10),(35,7),(14,9),(98,2),(98,9),(32,1),(10,2),(73,1),(25,6),(80,2),(38,1),(98,1),(52,2),(100,3),(95,2),(51,7),(39,6),(25,6),(100,10),(68,9),(98,4),(15,1),(36,4),(51,2),(74,9),(56,10),(35,10),(66,1);
/*!40000 ALTER TABLE `genre` ENABLE KEYS */;
UNLOCK TABLES;

--
-- Table structure for table `genre_list`
--

DROP TABLE IF EXISTS `genre_list`;
/*!40101 SET @saved_cs_client     = @@character_set_client */;
/*!50503 SET character_set_client = utf8mb4 */;
CREATE TABLE `genre_list` (
  `genre_id` int unsigned NOT NULL,
  `genre` varchar(255) NOT NULL
) ENGINE=InnoDB DEFAULT CHARSET=utf8mb4 COLLATE=utf8mb4_0900_ai_ci;
/*!40101 SET character_set_client = @saved_cs_client */;

--
-- Dumping data for table `genre_list`
--

LOCK TABLES `genre_list` WRITE;
/*!40000 ALTER TABLE `genre_list` DISABLE KEYS */;
INSERT INTO `genre_list` VALUES (1,'Comedy'),(2,'Horror'),(3,'Sci-Fi'),(4,'Western'),(5,'Melodrama'),(6,'Musical'),(7,'Action'),(8,'Adventure'),(9,'Fantasy'),(10,'Thriller');
/*!40000 ALTER TABLE `genre_list` ENABLE KEYS */;
UNLOCK TABLES;

--
-- Table structure for table `media`
--

DROP TABLE IF EXISTS `media`;
/*!40101 SET @saved_cs_client     = @@character_set_client */;
/*!50503 SET character_set_client = utf8mb4 */;
CREATE TABLE `media` (
  `movie_id` int unsigned NOT NULL,
  `poster_link` varchar(255) DEFAULT NULL,
  `trailer_link` varchar(255) DEFAULT NULL,
  `picture_link` varchar(255) DEFAULT NULL,
  PRIMARY KEY (`movie_id`),
  CONSTRAINT `media_movie_id_fk` FOREIGN KEY (`movie_id`) REFERENCES `movie` (`id`) ON DELETE CASCADE
) ENGINE=InnoDB DEFAULT CHARSET=utf8mb4 COLLATE=utf8mb4_0900_ai_ci;
/*!40101 SET character_set_client = @saved_cs_client */;

--
-- Dumping data for table `media`
--

LOCK TABLES `media` WRITE;
/*!40000 ALTER TABLE `media` DISABLE KEYS */;
INSERT INTO `media` VALUES (1,'http://kinopoisk.ru/poster/1.jpg','http://kinopoisk.ru/trailer1.mp4','http://kinopoisk.ru/picture/1.jpg'),(2,'http://kinopoisk.ru/poster/2.jpg','http://kinopoisk.ru/trailer2.mp4','http://kinopoisk.ru/picture/2.jpg'),(3,'http://kinopoisk.ru/poster/3.jpg','http://kinopoisk.ru/trailer3.mp4','http://kinopoisk.ru/picture/3.jpg'),(4,'http://kinopoisk.ru/poster/4.jpg','http://kinopoisk.ru/trailer4.mp4','http://kinopoisk.ru/picture/4.jpg'),(5,'http://kinopoisk.ru/poster/5.jpg','http://kinopoisk.ru/trailer5.mp4','http://kinopoisk.ru/picture/5.jpg'),(6,'http://kinopoisk.ru/poster/6.jpg','http://kinopoisk.ru/trailer6.mp4','http://kinopoisk.ru/picture/6.jpg'),(7,'http://kinopoisk.ru/poster/7.jpg','http://kinopoisk.ru/trailer7.mp4','http://kinopoisk.ru/picture/7.jpg'),(8,'http://kinopoisk.ru/poster/8.jpg','http://kinopoisk.ru/trailer8.mp4','http://kinopoisk.ru/picture/8.jpg'),(9,'http://kinopoisk.ru/poster/9.jpg','http://kinopoisk.ru/trailer9.mp4','http://kinopoisk.ru/picture/9.jpg'),(10,'http://kinopoisk.ru/poster/10.jpg','http://kinopoisk.ru/trailer10.mp4','http://kinopoisk.ru/picture/10.jpg'),(11,'http://kinopoisk.ru/poster/11.jpg','http://kinopoisk.ru/trailer11.mp4','http://kinopoisk.ru/picture/11.jpg'),(12,'http://kinopoisk.ru/poster/12.jpg','http://kinopoisk.ru/trailer12.mp4','http://kinopoisk.ru/picture/12.jpg'),(13,'http://kinopoisk.ru/poster/13.jpg','http://kinopoisk.ru/trailer13.mp4','http://kinopoisk.ru/picture/13.jpg'),(14,'http://kinopoisk.ru/poster/14.jpg','http://kinopoisk.ru/trailer14.mp4','http://kinopoisk.ru/picture/14.jpg'),(15,'http://kinopoisk.ru/poster/15.jpg','http://kinopoisk.ru/trailer15.mp4','http://kinopoisk.ru/picture/15.jpg'),(16,'http://kinopoisk.ru/poster/16.jpg','http://kinopoisk.ru/trailer16.mp4','http://kinopoisk.ru/picture/16.jpg'),(17,'http://kinopoisk.ru/poster/17.jpg','http://kinopoisk.ru/trailer17.mp4','http://kinopoisk.ru/picture/17.jpg'),(18,'http://kinopoisk.ru/poster/18.jpg','http://kinopoisk.ru/trailer18.mp4','http://kinopoisk.ru/picture/18.jpg'),(19,'http://kinopoisk.ru/poster/19.jpg','http://kinopoisk.ru/trailer19.mp4','http://kinopoisk.ru/picture/19.jpg'),(20,'http://kinopoisk.ru/poster/20.jpg','http://kinopoisk.ru/trailer20.mp4','http://kinopoisk.ru/picture/20.jpg'),(21,'http://kinopoisk.ru/poster/21.jpg','http://kinopoisk.ru/trailer21.mp4','http://kinopoisk.ru/picture/21.jpg'),(22,'http://kinopoisk.ru/poster/22.jpg','http://kinopoisk.ru/trailer22.mp4','http://kinopoisk.ru/picture/22.jpg'),(23,'http://kinopoisk.ru/poster/23.jpg','http://kinopoisk.ru/trailer23.mp4','http://kinopoisk.ru/picture/23.jpg'),(24,'http://kinopoisk.ru/poster/24.jpg','http://kinopoisk.ru/trailer24.mp4','http://kinopoisk.ru/picture/24.jpg'),(25,'http://kinopoisk.ru/poster/25.jpg','http://kinopoisk.ru/trailer25.mp4','http://kinopoisk.ru/picture/25.jpg'),(26,'http://kinopoisk.ru/poster/26.jpg','http://kinopoisk.ru/trailer26.mp4','http://kinopoisk.ru/picture/26.jpg'),(27,'http://kinopoisk.ru/poster/27.jpg','http://kinopoisk.ru/trailer27.mp4','http://kinopoisk.ru/picture/27.jpg'),(28,'http://kinopoisk.ru/poster/28.jpg','http://kinopoisk.ru/trailer28.mp4','http://kinopoisk.ru/picture/28.jpg'),(29,'http://kinopoisk.ru/poster/29.jpg','http://kinopoisk.ru/trailer29.mp4','http://kinopoisk.ru/picture/29.jpg'),(30,'http://kinopoisk.ru/poster/30.jpg','http://kinopoisk.ru/trailer30.mp4','http://kinopoisk.ru/picture/30.jpg'),(31,'http://kinopoisk.ru/poster/31.jpg','http://kinopoisk.ru/trailer31.mp4','http://kinopoisk.ru/picture/31.jpg'),(32,'http://kinopoisk.ru/poster/32.jpg','http://kinopoisk.ru/trailer32.mp4','http://kinopoisk.ru/picture/32.jpg'),(33,'http://kinopoisk.ru/poster/33.jpg','http://kinopoisk.ru/trailer33.mp4','http://kinopoisk.ru/picture/33.jpg'),(34,'http://kinopoisk.ru/poster/34.jpg','http://kinopoisk.ru/trailer34.mp4','http://kinopoisk.ru/picture/34.jpg'),(35,'http://kinopoisk.ru/poster/35.jpg','http://kinopoisk.ru/trailer35.mp4','http://kinopoisk.ru/picture/35.jpg'),(36,'http://kinopoisk.ru/poster/36.jpg','http://kinopoisk.ru/trailer36.mp4','http://kinopoisk.ru/picture/36.jpg'),(37,'http://kinopoisk.ru/poster/37.jpg','http://kinopoisk.ru/trailer37.mp4','http://kinopoisk.ru/picture/37.jpg'),(38,'http://kinopoisk.ru/poster/38.jpg','http://kinopoisk.ru/trailer38.mp4','http://kinopoisk.ru/picture/38.jpg'),(39,'http://kinopoisk.ru/poster/39.jpg','http://kinopoisk.ru/trailer39.mp4','http://kinopoisk.ru/picture/39.jpg'),(40,'http://kinopoisk.ru/poster/40.jpg','http://kinopoisk.ru/trailer40.mp4','http://kinopoisk.ru/picture/40.jpg'),(41,'http://kinopoisk.ru/poster/41.jpg','http://kinopoisk.ru/trailer41.mp4','http://kinopoisk.ru/picture/41.jpg'),(42,'http://kinopoisk.ru/poster/42.jpg','http://kinopoisk.ru/trailer42.mp4','http://kinopoisk.ru/picture/42.jpg'),(43,'http://kinopoisk.ru/poster/43.jpg','http://kinopoisk.ru/trailer43.mp4','http://kinopoisk.ru/picture/43.jpg'),(44,'http://kinopoisk.ru/poster/44.jpg','http://kinopoisk.ru/trailer44.mp4','http://kinopoisk.ru/picture/44.jpg'),(45,'http://kinopoisk.ru/poster/45.jpg','http://kinopoisk.ru/trailer45.mp4','http://kinopoisk.ru/picture/45.jpg'),(46,'http://kinopoisk.ru/poster/46.jpg','http://kinopoisk.ru/trailer46.mp4','http://kinopoisk.ru/picture/46.jpg'),(47,'http://kinopoisk.ru/poster/47.jpg','http://kinopoisk.ru/trailer47.mp4','http://kinopoisk.ru/picture/47.jpg'),(48,'http://kinopoisk.ru/poster/48.jpg','http://kinopoisk.ru/trailer48.mp4','http://kinopoisk.ru/picture/48.jpg'),(49,'http://kinopoisk.ru/poster/49.jpg','http://kinopoisk.ru/trailer49.mp4','http://kinopoisk.ru/picture/49.jpg'),(50,'http://kinopoisk.ru/poster/50.jpg','http://kinopoisk.ru/trailer50.mp4','http://kinopoisk.ru/picture/50.jpg'),(51,'http://kinopoisk.ru/poster/51.jpg','http://kinopoisk.ru/trailer51.mp4','http://kinopoisk.ru/picture/51.jpg'),(52,'http://kinopoisk.ru/poster/52.jpg','http://kinopoisk.ru/trailer52.mp4','http://kinopoisk.ru/picture/52.jpg'),(53,'http://kinopoisk.ru/poster/53.jpg','http://kinopoisk.ru/trailer53.mp4','http://kinopoisk.ru/picture/53.jpg'),(54,'http://kinopoisk.ru/poster/54.jpg','http://kinopoisk.ru/trailer54.mp4','http://kinopoisk.ru/picture/54.jpg'),(55,'http://kinopoisk.ru/poster/55.jpg','http://kinopoisk.ru/trailer55.mp4','http://kinopoisk.ru/picture/55.jpg'),(56,'http://kinopoisk.ru/poster/56.jpg','http://kinopoisk.ru/trailer56.mp4','http://kinopoisk.ru/picture/56.jpg'),(57,'http://kinopoisk.ru/poster/57.jpg','http://kinopoisk.ru/trailer57.mp4','http://kinopoisk.ru/picture/57.jpg'),(58,'http://kinopoisk.ru/poster/58.jpg','http://kinopoisk.ru/trailer58.mp4','http://kinopoisk.ru/picture/58.jpg'),(59,'http://kinopoisk.ru/poster/59.jpg','http://kinopoisk.ru/trailer59.mp4','http://kinopoisk.ru/picture/59.jpg'),(60,'http://kinopoisk.ru/poster/60.jpg','http://kinopoisk.ru/trailer60.mp4','http://kinopoisk.ru/picture/60.jpg'),(61,'http://kinopoisk.ru/poster/61.jpg','http://kinopoisk.ru/trailer61.mp4','http://kinopoisk.ru/picture/61.jpg'),(62,'http://kinopoisk.ru/poster/62.jpg','http://kinopoisk.ru/trailer62.mp4','http://kinopoisk.ru/picture/62.jpg'),(63,'http://kinopoisk.ru/poster/63.jpg','http://kinopoisk.ru/trailer63.mp4','http://kinopoisk.ru/picture/63.jpg'),(64,'http://kinopoisk.ru/poster/64.jpg','http://kinopoisk.ru/trailer64.mp4','http://kinopoisk.ru/picture/64.jpg'),(65,'http://kinopoisk.ru/poster/65.jpg','http://kinopoisk.ru/trailer65.mp4','http://kinopoisk.ru/picture/65.jpg'),(66,'http://kinopoisk.ru/poster/66.jpg','http://kinopoisk.ru/trailer66.mp4','http://kinopoisk.ru/picture/66.jpg'),(67,'http://kinopoisk.ru/poster/67.jpg','http://kinopoisk.ru/trailer67.mp4','http://kinopoisk.ru/picture/67.jpg'),(68,'http://kinopoisk.ru/poster/68.jpg','http://kinopoisk.ru/trailer68.mp4','http://kinopoisk.ru/picture/68.jpg'),(69,'http://kinopoisk.ru/poster/69.jpg','http://kinopoisk.ru/trailer69.mp4','http://kinopoisk.ru/picture/69.jpg'),(70,'http://kinopoisk.ru/poster/70.jpg','http://kinopoisk.ru/trailer70.mp4','http://kinopoisk.ru/picture/70.jpg'),(71,'http://kinopoisk.ru/poster/71.jpg','http://kinopoisk.ru/trailer71.mp4','http://kinopoisk.ru/picture/71.jpg'),(72,'http://kinopoisk.ru/poster/72.jpg','http://kinopoisk.ru/trailer72.mp4','http://kinopoisk.ru/picture/72.jpg'),(73,'http://kinopoisk.ru/poster/73.jpg','http://kinopoisk.ru/trailer73.mp4','http://kinopoisk.ru/picture/73.jpg'),(74,'http://kinopoisk.ru/poster/74.jpg','http://kinopoisk.ru/trailer74.mp4','http://kinopoisk.ru/picture/74.jpg'),(75,'http://kinopoisk.ru/poster/75.jpg','http://kinopoisk.ru/trailer75.mp4','http://kinopoisk.ru/picture/75.jpg'),(76,'http://kinopoisk.ru/poster/76.jpg','http://kinopoisk.ru/trailer76.mp4','http://kinopoisk.ru/picture/76.jpg'),(77,'http://kinopoisk.ru/poster/77.jpg','http://kinopoisk.ru/trailer77.mp4','http://kinopoisk.ru/picture/77.jpg'),(78,'http://kinopoisk.ru/poster/78.jpg','http://kinopoisk.ru/trailer78.mp4','http://kinopoisk.ru/picture/78.jpg'),(79,'http://kinopoisk.ru/poster/79.jpg','http://kinopoisk.ru/trailer79.mp4','http://kinopoisk.ru/picture/79.jpg'),(80,'http://kinopoisk.ru/poster/80.jpg','http://kinopoisk.ru/trailer80.mp4','http://kinopoisk.ru/picture/80.jpg'),(81,'http://kinopoisk.ru/poster/81.jpg','http://kinopoisk.ru/trailer81.mp4','http://kinopoisk.ru/picture/81.jpg'),(82,'http://kinopoisk.ru/poster/82.jpg','http://kinopoisk.ru/trailer82.mp4','http://kinopoisk.ru/picture/82.jpg'),(83,'http://kinopoisk.ru/poster/83.jpg','http://kinopoisk.ru/trailer83.mp4','http://kinopoisk.ru/picture/83.jpg'),(84,'http://kinopoisk.ru/poster/84.jpg','http://kinopoisk.ru/trailer84.mp4','http://kinopoisk.ru/picture/84.jpg'),(85,'http://kinopoisk.ru/poster/85.jpg','http://kinopoisk.ru/trailer85.mp4','http://kinopoisk.ru/picture/85.jpg'),(86,'http://kinopoisk.ru/poster/86.jpg','http://kinopoisk.ru/trailer86.mp4','http://kinopoisk.ru/picture/86.jpg'),(87,'http://kinopoisk.ru/poster/87.jpg','http://kinopoisk.ru/trailer87.mp4','http://kinopoisk.ru/picture/87.jpg'),(88,'http://kinopoisk.ru/poster/88.jpg','http://kinopoisk.ru/trailer88.mp4','http://kinopoisk.ru/picture/88.jpg'),(89,'http://kinopoisk.ru/poster/89.jpg','http://kinopoisk.ru/trailer89.mp4','http://kinopoisk.ru/picture/89.jpg'),(90,'http://kinopoisk.ru/poster/90.jpg','http://kinopoisk.ru/trailer90.mp4','http://kinopoisk.ru/picture/90.jpg'),(91,'http://kinopoisk.ru/poster/91.jpg','http://kinopoisk.ru/trailer91.mp4','http://kinopoisk.ru/picture/91.jpg'),(92,'http://kinopoisk.ru/poster/92.jpg','http://kinopoisk.ru/trailer92.mp4','http://kinopoisk.ru/picture/92.jpg'),(93,'http://kinopoisk.ru/poster/93.jpg','http://kinopoisk.ru/trailer93.mp4','http://kinopoisk.ru/picture/93.jpg'),(94,'http://kinopoisk.ru/poster/94.jpg','http://kinopoisk.ru/trailer94.mp4','http://kinopoisk.ru/picture/94.jpg'),(95,'http://kinopoisk.ru/poster/95.jpg','http://kinopoisk.ru/trailer95.mp4','http://kinopoisk.ru/picture/95.jpg'),(96,'http://kinopoisk.ru/poster/96.jpg','http://kinopoisk.ru/trailer96.mp4','http://kinopoisk.ru/picture/96.jpg'),(97,'http://kinopoisk.ru/poster/97.jpg','http://kinopoisk.ru/trailer97.mp4','http://kinopoisk.ru/picture/97.jpg'),(98,'http://kinopoisk.ru/poster/98.jpg','http://kinopoisk.ru/trailer98.mp4','http://kinopoisk.ru/picture/98.jpg'),(99,'http://kinopoisk.ru/poster/99.jpg','http://kinopoisk.ru/trailer99.mp4','http://kinopoisk.ru/picture/99.jpg'),(100,'http://kinopoisk.ru/poster/100.jpg','http://kinopoisk.ru/trailer100.mp4','http://kinopoisk.ru/picture/100.jpg');
/*!40000 ALTER TABLE `media` ENABLE KEYS */;
UNLOCK TABLES;

--
-- Temporary view structure for view `money`
--

DROP TABLE IF EXISTS `money`;
/*!50001 DROP VIEW IF EXISTS `money`*/;
SET @saved_cs_client     = @@character_set_client;
/*!50503 SET character_set_client = utf8mb4 */;
/*!50001 CREATE VIEW `money` AS SELECT 
 1 AS `name`,
 1 AS `budget`,
 1 AS `grosses_usa`,
 1 AS `grossses_all`,
 1 AS `profit`*/;
SET character_set_client = @saved_cs_client;

--
-- Table structure for table `movie`
--

DROP TABLE IF EXISTS `movie`;
/*!40101 SET @saved_cs_client     = @@character_set_client */;
/*!50503 SET character_set_client = utf8mb4 */;
CREATE TABLE `movie` (
  `id` int unsigned NOT NULL AUTO_INCREMENT,
  `name` varchar(255) CHARACTER SET utf8 COLLATE utf8_unicode_ci NOT NULL,
  `moto` varchar(255) CHARACTER SET utf8 COLLATE utf8_unicode_ci DEFAULT NULL,
  `year` year DEFAULT NULL,
  `duration` smallint unsigned DEFAULT NULL,
  `budget` int DEFAULT NULL,
  `grosses_usa` int DEFAULT NULL,
  `grossses_all` int DEFAULT NULL,
  `first_performance` date DEFAULT NULL,
  `firts_prformace_russia` date DEFAULT NULL,
  `tv_show` set('0','1') CHARACTER SET utf8 COLLATE utf8_unicode_ci NOT NULL,
  PRIMARY KEY (`id`)
) ENGINE=InnoDB AUTO_INCREMENT=101 DEFAULT CHARSET=utf8 COLLATE=utf8_unicode_ci;
/*!40101 SET character_set_client = @saved_cs_client */;

--
-- Dumping data for table `movie`
--

LOCK TABLES `movie` WRITE;
/*!40000 ALTER TABLE `movie` DISABLE KEYS */;
INSERT INTO `movie` VALUES (1,'Dolores voluptas nemo accusantium vel.','Aliquid doloremque perferendis qui recusandae praesentium ut.',1980,130,187962793,869018,68173,'2008-04-22','2005-10-12','1'),(2,'Molestias harum aut quidem nostrum.','Eaque nesciunt facilis amet excepturi optio.',2019,113,638627708,223214,483687,'1981-08-27','1977-02-04','1'),(3,'Perferendis sit maiores tempore quae velit consequuntur.','Consequuntur aut et officiis nihil laboriosam error.',2009,123,550684034,388756,784862,'2016-12-25','1973-10-20','0'),(4,'Ipsam ipsum est suscipit eum nihil.','Qui fuga quo et dolores est qui.',2018,155,40182354,536274,220716,'2010-12-16','2017-12-19','1'),(5,'Temporibus quia asperiores quia ab et sit.','Earum eius dolor modi veritatis consequuntur.',2018,121,298128346,602420,909256,'2014-02-19','1970-04-27',''),(6,'Recusandae quis est cum et.','Et iusto qui eos.',2011,162,589347127,254223,649562,'1974-05-09','1974-05-31','1'),(7,'Dolores totam labore et ipsam.','Totam aut natus est molestias sit.',1995,88,31234741,712585,254898,'1995-04-15','2007-09-05',''),(8,'Ipsam perferendis vitae voluptas.','Provident doloremque ad perferendis impedit.',1979,154,396957197,127892,661406,'1973-02-05','2012-06-21','0'),(9,'Dolor totam natus totam et aut.','Deserunt molestiae omnis facilis quisquam mollitia deleniti.',2019,121,131960756,435504,112882,'1977-03-11','1972-03-03','0'),(10,'Optio deserunt odit optio sit enim atque.','Quod eligendi vero quia omnis nulla.',1977,94,135533049,507545,146316,'2010-08-09','1979-11-25',''),(11,'Doloremque et eveniet ab ut fugit.','Autem consequatur necessitatibus provident hic.',2001,77,478530319,787185,946660,'1998-04-25','2015-07-10',''),(12,'Optio non consectetur quibusdam non iste harum adipisci.','Et praesentium sunt ea debitis corrupti rerum.',1982,170,429906560,675501,185574,'2017-05-10','2003-04-28',''),(13,'Quaerat excepturi dolore culpa.','Minima magni iure qui ducimus.',1984,101,623189353,330618,528353,'2017-11-27','2004-07-08',''),(14,'Exercitationem voluptate voluptatem recusandae non cum sint.','Aspernatur minus iusto autem quas est cumque qui.',1972,150,652919559,171155,175082,'2003-05-04','1997-04-02','1'),(15,'Et dolore aut dignissimos ut dolorem molestias sapiente.','Quia blanditiis voluptatem quis ad non a sit.',1983,178,256236871,140364,449398,'2013-08-29','1988-11-16','1'),(16,'Temporibus aut nesciunt quam sed impedit aut.','Id mollitia nihil facere accusantium provident.',2018,154,393184482,524864,712676,'1994-06-03','1971-02-09','0'),(17,'Quae autem rerum amet similique est totam.','Perferendis ducimus ut natus fugiat ipsam ex eos quis.',2019,175,430875924,711612,188380,'1979-12-18','1980-02-20','0'),(18,'Consequuntur natus natus sed sint saepe a.','Aut praesentium iusto mollitia at dicta qui ea.',1993,159,180575097,285235,962046,'1975-07-30','2001-06-27',''),(19,'Consequatur ut cupiditate et culpa et sit.','Tempora dolorum distinctio et nam alias consequatur.',1970,94,576872674,102353,24715,'1977-08-07','1997-02-13','1'),(20,'Velit itaque voluptatum sit accusamus molestiae similique et et.','Aliquam fugit doloribus architecto reiciendis.',1983,172,160503362,387559,480849,'1983-04-15','2008-09-08','0'),(21,'Hic reiciendis non quidem quo mollitia perspiciatis.','Magnam praesentium commodi est facere et velit itaque at.',2012,85,213951825,568181,172183,'2018-08-17','2016-10-06','0'),(22,'Quae et iste provident id ullam beatae modi.','Soluta vitae ut eius excepturi id ut eum velit.',1973,75,174057321,544437,447176,'2015-10-05','1979-11-03','1'),(23,'Illo in ipsum omnis voluptatum ut facere quia repellendus.','Sint cupiditate consequatur dolor veritatis quo architecto.',2001,149,274438749,644281,399623,'2016-08-04','2001-12-20','1'),(24,'Repudiandae ratione quasi et minima.','Commodi magni amet vitae totam velit consectetur.',1979,139,71102950,89203,535696,'2018-06-19','1970-01-21','1'),(25,'Et ea iusto molestiae ipsum.','Alias fugit quaerat et odio.',1995,138,283835520,279296,637442,'1987-08-05','1978-05-29',''),(26,'Debitis repellat neque earum placeat possimus doloribus harum natus.','Ut recusandae delectus iusto sit nisi.',1997,86,328860271,730035,780367,'1983-03-22','2002-07-03','0'),(27,'Voluptatem repellendus quas suscipit rerum vel perspiciatis recusandae quasi.','Perferendis tempore modi consequatur neque.',2006,98,586982718,95747,718550,'1999-02-14','1993-11-10','0'),(28,'Ullam qui vel iusto quisquam omnis eum totam recusandae.','Excepturi enim officia modi et veritatis occaecati.',2001,155,546855953,403994,27085,'1999-08-02','2015-06-05','0'),(29,'Veniam dignissimos ducimus et sit iusto.','Dicta enim accusamus amet et blanditiis velit.',2010,168,253064357,711851,648276,'2001-04-18','2001-01-02','1'),(30,'Sequi architecto nihil et aut dolorem a dolorem.','Atque est id optio architecto similique.',1987,149,414252514,454222,226085,'2015-04-24','1988-01-04','0'),(31,'Aut hic fugit perspiciatis consequatur.','Voluptatem provident qui sed sint sed error molestiae.',1988,97,378298755,490540,723372,'1996-03-20','1982-01-16','0'),(32,'Esse exercitationem iure architecto cum.','Non voluptatum et sapiente enim neque non.',1977,123,615932771,771050,389790,'1983-12-24','2000-02-18',''),(33,'Nemo ipsum dolorum aspernatur amet ab nam.','Eligendi ex natus veritatis nam.',1972,168,26162497,504783,832390,'1974-08-02','1978-07-06','0'),(34,'Laborum enim doloremque hic at reprehenderit sapiente.','Sunt omnis distinctio sit.',2004,150,647055376,197501,869585,'1997-05-29','1993-07-12','0'),(35,'Quos ex occaecati laudantium quibusdam non non.','Explicabo error libero totam dolor omnis est.',1988,179,153497130,164589,335169,'2018-11-04','2009-09-10','1'),(36,'Tempore quia nihil sed dicta dolorum architecto.','Sed velit ut delectus rerum asperiores tenetur.',1997,135,123753655,33863,152295,'1982-08-01','2010-06-22','1'),(37,'Eos ad sapiente saepe unde eaque aut facilis.','Autem culpa eveniet sequi deleniti.',1998,172,437638243,918787,384117,'1971-03-26','2014-10-19','1'),(38,'Rerum molestiae amet id doloremque a nulla sed.','Quis dignissimos autem sint est ut possimus quidem.',1976,161,183067785,451174,613954,'1985-11-28','1971-06-04','1'),(39,'Aspernatur beatae accusamus at iure.','Aut et minus iure officia eius laborum error.',2007,167,279251103,356232,840979,'2017-03-18','1992-01-13','1'),(40,'Eligendi non explicabo enim quia quia expedita ea.','Inventore sequi nisi quis sed ea.',2009,165,502736254,487440,236998,'1987-09-11','1986-11-03','0'),(41,'Iure et minima quasi nemo exercitationem et.','Non dignissimos quia minima consequatur laudantium voluptatum sit.',1994,119,534826150,822167,187155,'2000-08-23','1971-06-09','0'),(42,'Autem sit iste quia voluptatem minima.','Recusandae blanditiis quia assumenda at aliquid iusto dolores quis.',2003,170,22295473,470857,307910,'2016-02-07','2019-02-24','1'),(43,'A accusantium error quae enim et est a.','Temporibus voluptatem quasi illum delectus voluptatum et.',1999,74,140252668,976540,937286,'1976-08-26','2006-10-07',''),(44,'Repellat molestiae aut rerum omnis.','Voluptatem temporibus amet ducimus voluptas soluta voluptates.',1985,133,687722020,947473,520364,'1973-04-11','2003-11-02','0'),(45,'Rem explicabo et modi vitae reprehenderit eaque.','In qui dolorem quia ex temporibus laboriosam quia.',2011,167,119013258,73279,492096,'2009-02-20','1996-09-04','0'),(46,'Sapiente voluptatem consectetur maxime est similique minus.','Et molestiae in alias voluptas deserunt sequi nostrum.',2015,131,240640348,385037,672631,'1978-11-04','2013-03-29','1'),(47,'Soluta enim voluptatibus amet nam tempore.','Sed deserunt saepe at.',2009,146,692266443,928766,34851,'1984-11-10','1986-09-20','1'),(48,'Sapiente dicta dolorem ab occaecati.','Velit culpa numquam culpa temporibus praesentium aliquam.',2010,102,485451306,633860,967025,'1998-09-23','1987-07-19',''),(49,'Ut et dolorem laboriosam facere.','Doloribus et delectus debitis eum soluta aliquid et delectus.',2008,96,262800694,365278,419028,'2009-03-08','2014-07-31','0'),(50,'Odio minus saepe quia magni animi et temporibus corrupti.','Dicta rerum voluptas ex non minus quae sed.',1974,145,242179061,195148,190941,'2015-02-22','2006-09-11','1'),(51,'Atque est doloribus aut in eveniet rerum debitis vel.','Est placeat aspernatur asperiores voluptatem quis esse architecto saepe.',1997,152,369820057,469450,779042,'1993-06-09','1973-01-29','0'),(52,'Quaerat eaque beatae in sit ad.','Voluptatem soluta sit consequatur quam accusamus.',2006,132,696979539,101957,690685,'2003-04-28','1998-10-04',''),(53,'Et sequi temporibus nihil ducimus et ut accusamus.','Ut pariatur non incidunt consequuntur qui autem et corporis.',1982,120,37310068,907475,382296,'1977-12-16','1970-11-04','0'),(54,'Nisi consectetur voluptas molestiae vitae vitae.','Quos veritatis odio omnis itaque minus aut.',1994,116,446066794,313434,921874,'1973-11-24','1987-01-28','0'),(55,'Error sit et vitae aspernatur labore doloribus omnis.','Quod labore reprehenderit officiis quibusdam.',2007,156,194674878,776438,746790,'1974-01-29','2014-12-25','0'),(56,'Blanditiis provident voluptatem dolores non temporibus ea vel.','Nobis recusandae sed et ipsum sed atque impedit.',1979,167,10475731,834573,325765,'1986-10-23','1973-11-07',''),(57,'A et esse commodi vel.','Quo quis autem eveniet aperiam cumque nam quod.',2003,167,121703222,955801,516053,'2011-06-03','1983-11-09','1'),(58,'Corporis molestias fugiat ad minima voluptas.','Molestias commodi est iure quam recusandae et minus.',1999,123,396753064,21094,633711,'2017-08-07','1988-09-20','1'),(59,'Quidem laudantium est necessitatibus qui rerum.','Incidunt et eaque explicabo et suscipit.',1994,140,71414720,727896,999881,'1998-03-17','1986-09-08',''),(60,'Magnam et incidunt velit ducimus ipsum aliquam.','Et omnis repellat voluptatum et aut possimus quo.',2012,113,640259203,634060,940884,'1988-07-30','2018-08-24','1'),(61,'Est laboriosam distinctio iure quis.','Perspiciatis voluptatibus assumenda harum molestiae quae porro et a.',1986,129,338251586,987730,416214,'1999-04-19','2015-09-15','0'),(62,'Eos aut maiores ut provident similique natus et.','Magnam sequi praesentium alias laboriosam dolorem aliquam nihil.',1988,151,498526150,79661,68664,'2017-12-15','1981-05-02','1'),(63,'Neque ipsum neque veritatis ut sit quas voluptatem.','Ut et atque sed rerum et ea necessitatibus rerum.',1991,160,47233645,202528,247341,'2010-12-25','2014-09-13',''),(64,'Repellat praesentium ipsa dolores animi illum.','Dicta aut officiis consectetur.',1970,100,596261514,758846,296809,'1971-05-01','1970-04-02','1'),(65,'Dolores dolorem qui facere dolores laboriosam commodi.','Maiores aut quidem provident culpa rem.',1996,123,184331997,635639,597944,'2012-03-03','1974-01-03','1'),(66,'Et rerum voluptas dolor ea non non praesentium.','Error quidem est tempore ut.',2000,102,602867721,119029,290445,'1993-02-22','1987-01-01','1'),(67,'Praesentium cum fugit quibusdam excepturi nostrum.','Repudiandae voluptatem voluptate iste consequatur a ut rem amet.',2012,163,10086404,415879,542399,'2018-07-11','2004-07-09',''),(68,'Vero facilis voluptatibus vero modi.','Velit eaque facere vitae dolor.',2007,132,201836139,877872,216899,'2004-02-07','1971-03-03','1'),(69,'Aut ut repellendus fugit sit.','Assumenda magnam quia voluptatum rem maiores in.',1984,170,501498644,659845,547622,'2009-05-08','1991-12-24','0'),(70,'Eum maiores vitae recusandae non et natus est.','Perspiciatis nesciunt maxime et perferendis illo qui.',1974,70,689573057,206427,320901,'1983-09-19','2003-04-12','0'),(71,'Nam architecto ratione error quisquam voluptatem.','Illo autem repudiandae in ut.',1975,114,546483257,817495,541202,'2015-09-09','2007-07-15','0'),(72,'Sed ducimus repudiandae hic.','Omnis aperiam tempora itaque similique.',1999,87,299957719,574529,872754,'1974-01-08','1990-05-28','1'),(73,'Sunt nesciunt architecto sequi quo autem asperiores.','Officiis quam quia asperiores et qui architecto error.',1996,107,436743794,244428,478629,'1993-05-11','1989-12-27','1'),(74,'Et deleniti aut laboriosam aut illo.','Ad eum in repellat iusto voluptatem.',1980,94,547054561,375564,472996,'1985-06-27','2015-11-20',''),(75,'Quos nostrum suscipit quis quibusdam vero mollitia.','Exercitationem est in excepturi.',2005,135,178426875,134162,225146,'2007-04-01','1984-10-25',''),(76,'Impedit sed quo libero.','Earum cumque id vel non sequi qui assumenda.',1989,110,293969906,223592,90727,'1990-05-17','1978-08-19','1'),(77,'Sint sit dolores harum qui quod voluptatem.','Occaecati qui velit dolorem dolor consequatur est.',1971,102,66727120,704393,602653,'2014-03-28','2000-07-05','0'),(78,'Sed exercitationem nobis maxime incidunt adipisci qui et.','Esse maxime quibusdam impedit.',1972,161,441228352,816862,341445,'2003-11-10','1986-12-29','1'),(79,'Aliquam quaerat sed quo qui fugit nostrum quia.','Hic rerum ea omnis rem id.',2015,173,380153058,682890,731701,'2011-05-22','1983-08-07','1'),(80,'Quam mollitia esse est voluptatem et magni cum enim.','Est quia dolorum aliquam inventore fugiat dolor.',1988,75,18701396,174681,310394,'2014-08-21','2001-12-20',''),(81,'Molestias cupiditate ipsum voluptas in.','Ipsam neque voluptatem sint aut.',2000,72,322092777,214394,147398,'1995-09-23','1998-04-14','0'),(82,'Temporibus consequatur est dolores illo.','Ut quo numquam quae eligendi consequatur.',1990,72,372532882,909032,544000,'2014-01-25','1991-03-20','1'),(83,'Voluptas sed molestias praesentium vel soluta aperiam.','Possimus qui rerum sunt alias.',1982,115,665886703,889921,510476,'1999-09-28','1997-07-31',''),(84,'Molestiae sed dolorem consequuntur rerum est possimus.','Qui aspernatur sit laboriosam eveniet voluptatum nesciunt ut.',2011,115,17946253,384842,575692,'2001-08-04','2007-07-04','0'),(85,'Repellendus ut fugit perspiciatis est est maxime.','Laboriosam omnis error eius quas.',1987,119,210738237,927529,27914,'2013-03-27','2013-01-24','1'),(86,'Sit a dolore at.','Et aperiam illum ducimus vero sed aut.',1979,127,300456398,960226,990371,'2014-11-29','2009-04-15','0'),(87,'Repellat magnam itaque accusantium est asperiores explicabo.','Nemo ipsa sunt aspernatur mollitia.',1985,175,150803820,974458,270208,'1984-09-09','1974-09-12',''),(88,'Et dolorem soluta et ea.','Ut facere dolores et minus molestias modi quia.',1986,75,376047912,161269,523085,'2015-08-12','1982-03-01',''),(89,'Qui aut quasi assumenda distinctio ipsa impedit.','Repellendus quo et est itaque beatae sit ex impedit.',2018,72,650681952,834958,703468,'1971-12-29','1994-02-13',''),(90,'Aliquam fugit et ipsa qui.','Ipsam repellendus eius illum sint tempora neque.',1985,133,677521474,666292,945881,'2009-12-24','2011-11-01',''),(91,'Atque sunt recusandae doloremque.','Esse consequuntur libero natus esse sed odit.',2002,157,164749840,263132,332501,'1976-06-21','2003-08-17',''),(92,'Sit officiis voluptas fugiat aut.','Recusandae voluptates voluptatem vero.',2003,131,590246145,788005,461886,'1985-05-11','1998-04-19','0'),(93,'Quis blanditiis at et ipsum corporis voluptatem consequatur.','Dolorum molestiae aspernatur temporibus aperiam sint.',1999,96,446889896,335237,237602,'2002-10-07','1979-06-23','0'),(94,'Aut eum est eos deleniti perspiciatis est quidem rem.','Minima est expedita nulla ut.',2014,100,478912427,120027,960848,'1990-02-16','1994-11-09','0'),(95,'Aperiam nostrum eaque eos sed reprehenderit vel voluptatem rerum.','Reprehenderit odio sit dolor nihil quia consectetur.',1982,98,591890139,119949,374113,'2013-04-28','2015-09-20','0'),(96,'Quas libero voluptas et fugit numquam.','Totam eaque repellat assumenda aliquid consequatur eum ex.',2000,169,121916755,165965,849818,'1996-02-01','1998-03-24',''),(97,'Cumque ullam at sit adipisci accusamus optio.','Qui nam facere neque.',2018,108,280903036,15859,103402,'2013-12-24','1974-11-07','1'),(98,'Ipsum accusamus temporibus consequatur velit officiis reprehenderit.','Odio incidunt adipisci dolore qui corporis molestiae neque.',2015,76,399697404,28993,114676,'1978-05-08','1979-01-03','1'),(99,'Hic velit rerum cupiditate temporibus.','Non debitis ut et illo quidem sunt.',2008,94,327749876,407004,216746,'1973-11-19','1984-09-23','1'),(100,'Quo esse inventore autem cum et velit perferendis.','Et nemo animi cupiditate magnam voluptas.',2016,134,482940939,150004,84962,'1997-12-28','1982-09-08','1');
/*!40000 ALTER TABLE `movie` ENABLE KEYS */;
UNLOCK TABLES;

--
-- Table structure for table `movie_staff`
--

DROP TABLE IF EXISTS `movie_staff`;
/*!40101 SET @saved_cs_client     = @@character_set_client */;
/*!50503 SET character_set_client = utf8mb4 */;
CREATE TABLE `movie_staff` (
  `staff_id` int unsigned NOT NULL,
  `movie_id` int unsigned NOT NULL,
  `role_id` int unsigned NOT NULL,
  KEY `movie_staff_movie_id` (`movie_id`),
  KEY `movie_staff_role_id` (`role_id`),
  KEY `movie_staff_staff_id` (`staff_id`),
  KEY `movie_staff_movie_id_idx` (`movie_id`),
  KEY `movie_staff_role_id_idx` (`role_id`),
  KEY `movie_staff_staff_id_idx` (`staff_id`),
  CONSTRAINT `movie_staff_movie_id_fk` FOREIGN KEY (`movie_id`) REFERENCES `movie` (`id`) ON DELETE CASCADE
) ENGINE=InnoDB DEFAULT CHARSET=utf8 COLLATE=utf8_unicode_ci;
/*!40101 SET character_set_client = @saved_cs_client */;

--
-- Dumping data for table `movie_staff`
--

LOCK TABLES `movie_staff` WRITE;
/*!40000 ALTER TABLE `movie_staff` DISABLE KEYS */;
INSERT INTO `movie_staff` VALUES (76,18,2),(259,47,7),(42,20,2),(1,76,3),(154,42,6),(248,76,1),(65,47,6),(237,84,4),(200,19,6),(68,63,7),(163,80,5),(78,14,5),(85,17,7),(213,46,6),(28,10,1),(220,66,6),(42,67,7),(145,97,3),(18,49,5),(254,33,2),(274,29,2),(5,29,5),(43,31,4),(4,81,5),(133,81,3),(60,55,5),(118,63,4),(132,12,1),(262,51,4),(26,56,4),(9,43,1),(60,48,3),(122,31,5),(254,37,5),(134,58,1),(260,52,7),(248,69,7),(72,85,5),(205,83,6),(78,67,5),(173,47,5),(177,69,2),(46,30,2),(93,17,2),(106,2,2),(131,9,2),(108,46,5),(245,89,5),(64,35,1),(80,63,6),(54,70,5),(35,37,6),(58,18,6),(46,89,6),(160,100,2),(62,30,2),(162,32,7),(29,48,5),(299,36,4),(141,97,5),(128,11,2),(87,71,2),(289,36,2),(187,9,1),(85,70,1),(208,9,5),(185,65,4),(165,83,2),(216,24,1),(100,84,3),(54,91,6),(256,33,5),(56,18,5),(273,22,4),(221,57,1),(61,50,3),(282,99,6),(227,48,2),(103,62,1),(110,33,3),(135,100,7),(96,44,5),(77,79,4),(4,30,3),(46,34,3),(147,25,4),(149,47,7),(120,79,2),(273,19,3),(72,76,7),(72,11,5),(267,15,6),(280,13,1),(230,12,3),(58,73,6),(257,95,6),(60,78,1),(164,20,1),(171,36,1),(39,50,5),(17,26,3),(205,59,4),(77,53,4),(126,99,6),(270,18,3),(12,40,1),(146,89,7),(21,99,6),(152,52,6),(123,12,2),(156,78,5),(291,53,2),(72,100,3),(170,29,6),(36,21,4),(47,39,5),(118,48,6),(233,60,7),(204,33,2),(33,69,5),(19,74,7),(164,7,5),(74,45,1),(100,3,5),(23,34,6),(106,34,2),(172,33,2),(27,52,3),(23,88,1),(61,14,5),(185,92,5),(50,80,3),(144,100,6),(246,51,4),(264,78,6),(71,67,6),(172,96,3),(17,64,7),(266,78,4),(142,8,4),(166,33,4),(168,12,5),(179,41,1),(54,16,6),(138,90,4),(225,22,5),(166,96,4),(151,96,4),(34,21,5),(117,77,5),(300,42,5),(247,88,2),(246,38,6),(115,76,4),(167,5,6),(150,55,5),(229,99,1),(258,92,4),(260,67,6),(280,18,5),(23,22,6),(215,4,3),(140,89,1),(84,37,2),(257,54,6),(188,47,6),(172,87,1),(101,23,4),(150,29,6),(194,39,4),(98,35,5),(199,32,5),(28,2,2),(43,16,1),(51,100,3),(148,35,7),(80,62,1),(61,53,5),(251,39,1),(94,21,6),(71,41,2),(16,15,3),(186,45,6),(215,51,7),(176,8,3),(120,59,7),(152,39,5),(27,14,7),(255,65,3),(256,76,2),(186,43,3),(36,31,3),(191,18,6),(43,22,6),(192,42,5),(62,50,5),(103,59,3),(275,69,6),(98,44,5),(70,47,3),(58,37,7),(121,76,2),(29,24,4),(129,65,1),(224,63,3),(91,54,3),(287,18,5),(283,1,2),(143,61,3),(76,51,4),(213,55,6),(154,4,4),(268,70,1),(290,32,7),(70,10,4),(159,60,2),(236,62,5),(60,74,3),(54,100,5),(106,93,7),(287,57,3),(167,43,3),(211,12,3),(187,98,1),(90,97,7),(91,58,3),(188,60,1),(24,89,3),(25,16,6),(268,17,7),(203,41,6),(70,41,3),(119,51,7),(155,49,5),(134,82,1),(254,24,4),(167,54,4),(280,99,4),(148,14,6),(40,22,1),(239,13,2),(220,28,6),(60,89,2),(225,89,7),(17,76,2),(143,54,6),(299,59,1),(156,74,1),(52,21,4),(285,45,5),(24,45,1),(292,28,2),(280,86,7),(196,59,7),(186,29,3),(262,54,2),(116,66,7),(221,35,5),(65,11,5),(199,90,6),(105,37,3),(108,52,5),(163,9,3),(116,95,5),(83,80,4),(133,4,4),(9,70,4),(115,51,4),(17,5,4),(221,55,5),(234,36,3),(154,39,5),(260,45,4),(295,77,1),(266,83,3),(58,64,7),(213,13,6),(14,73,7),(273,18,2),(191,36,4),(214,43,1),(12,9,4),(63,98,2),(113,82,4),(65,56,4),(126,36,4),(104,29,3),(226,73,1),(285,29,4),(242,37,4),(148,29,6),(7,93,7),(132,89,7),(225,97,7),(28,10,2),(272,92,2),(9,62,2),(298,33,2),(182,49,3),(134,90,2);
/*!40000 ALTER TABLE `movie_staff` ENABLE KEYS */;
UNLOCK TABLES;

--
-- Temporary view structure for view `movies_of_directors`
--

DROP TABLE IF EXISTS `movies_of_directors`;
/*!50001 DROP VIEW IF EXISTS `movies_of_directors`*/;
SET @saved_cs_client     = @@character_set_client;
/*!50503 SET character_set_client = utf8mb4 */;
/*!50001 CREATE VIEW `movies_of_directors` AS SELECT 
 1 AS `name`,
 1 AS `f_name`,
 1 AS `movie_name`*/;
SET character_set_client = @saved_cs_client;

--
-- Table structure for table `rating`
--

DROP TABLE IF EXISTS `rating`;
/*!40101 SET @saved_cs_client     = @@character_set_client */;
/*!50503 SET character_set_client = utf8mb4 */;
CREATE TABLE `rating` (
  `movie_id` int unsigned NOT NULL,
  `kinopoisk_rating` float unsigned DEFAULT NULL,
  `imdb_rating` float unsigned DEFAULT NULL,
  PRIMARY KEY (`movie_id`),
  CONSTRAINT `rating_movie_id_fk` FOREIGN KEY (`movie_id`) REFERENCES `movie` (`id`) ON DELETE CASCADE
) ENGINE=InnoDB DEFAULT CHARSET=utf8mb4 COLLATE=utf8mb4_0900_ai_ci;
/*!40101 SET character_set_client = @saved_cs_client */;

--
-- Dumping data for table `rating`
--

LOCK TABLES `rating` WRITE;
/*!40000 ALTER TABLE `rating` DISABLE KEYS */;
INSERT INTO `rating` VALUES (1,2.7778,3.06),(2,2.5,4.66),(3,3.5,1.73),(4,3,4.69),(5,2.5,3.27),(6,4,2.25),(7,3.2,1.44),(8,4,0.47),(9,2.6667,3.04),(10,3,3.78),(11,2.8333,4.77),(12,3,2.51),(13,3.2,3.24),(14,3.625,3.68),(15,3.6667,3.65),(16,3.3333,2.25),(17,3,0.27),(18,3.6667,4.6),(19,2.3333,2.18),(20,2.8571,2.1),(21,3.6,3.96),(22,2,3.52),(23,4,0.69),(24,2.5714,2.9),(25,2.6667,2.44),(26,2.75,3.48),(27,2.375,0.08),(28,2.5,4.99),(29,3.6667,4.68),(30,3.5,3.44),(31,4.5,3.16),(32,2.5,0.49),(33,2.5,2.96),(34,3.5,3.33),(35,2.8,2.79),(36,3.3333,3.93),(37,3,1.29),(38,1,4.68),(39,3.125,4.52),(40,2.6,3.56),(41,3.6,4.24),(42,3.4444,0.51),(43,3,4.83),(44,3.6,2.63),(45,2.3333,3.65),(46,2.2,0.36),(47,2.6667,0.84),(48,2.3333,3.12),(49,2.6667,3.09),(50,3.6667,1.09),(51,3.2,1.19),(52,2.25,2.69),(53,3.4,4.87),(54,3.3333,1.28),(55,3.4,1.77),(56,2.8,0.02),(57,3.625,4.8),(58,3.375,3.92),(59,2.4,0.22),(60,2.8333,4.32),(61,2.25,0.95),(62,2.5,1.8),(63,2.8333,1.16),(64,2.25,0.38),(65,2.8182,3.43),(66,3,0.99),(67,2.75,4.66),(68,3.3333,0.33),(69,2.7143,2.66),(70,3.125,2.34),(71,5,3.69),(72,2,1.43),(73,4,1.1),(74,3.4,1.21),(75,3.5,2.74),(76,4,0.09),(77,2.3333,2.23),(78,3.3333,0.88),(79,3.5714,2.71),(80,2.6667,0.92),(81,3.1667,1.46),(82,2,4.52),(83,2.3333,3.24),(84,3,2.66),(85,2,3.55),(86,2.6,4.78),(87,2.4,3.25),(88,4.1667,1.89),(89,3.6667,4.71),(90,2.7143,2.88),(91,3,0.29),(92,3,2.8),(93,1,3.13),(94,3.125,2.25),(95,2.8333,1.87),(96,3,2.59),(97,2.8333,2.33),(98,1.8,3.88),(99,2.8,2.43),(100,3,0.51);
/*!40000 ALTER TABLE `rating` ENABLE KEYS */;
UNLOCK TABLES;

--
-- Table structure for table `review`
--

DROP TABLE IF EXISTS `review`;
/*!40101 SET @saved_cs_client     = @@character_set_client */;
/*!50503 SET character_set_client = utf8mb4 */;
CREATE TABLE `review` (
  `movie_id` int unsigned NOT NULL,
  `user_id` int unsigned NOT NULL,
  `mark` tinyint unsigned DEFAULT NULL,
  `review_title` varchar(255) CHARACTER SET utf8 COLLATE utf8_unicode_ci DEFAULT NULL,
  `review_text` text CHARACTER SET utf8 COLLATE utf8_unicode_ci,
  KEY `review_movie_id_fk` (`movie_id`),
  CONSTRAINT `review_movie_id_fk` FOREIGN KEY (`movie_id`) REFERENCES `movie` (`id`) ON DELETE CASCADE
) ENGINE=InnoDB DEFAULT CHARSET=utf8 COLLATE=utf8_unicode_ci;
/*!40101 SET character_set_client = @saved_cs_client */;

--
-- Dumping data for table `review`
--

LOCK TABLES `review` WRITE;
/*!40000 ALTER TABLE `review` DISABLE KEYS */;
INSERT INTO `review` VALUES (81,212,2,'Id laudantium delectus nemo est dolor aut consequatur.','SAID was, \'Why is a very humble tone, going down on the trumpet, and then turned to the Gryphon. \'Well, I hardly know--No more, thank ye; I\'m better now--but I\'m a hatter.\' Here the Queen shouted at.'),(46,293,1,'Minus molestiae consequuntur quidem velit.','Alice said; but was dreadfully puzzled by the hedge!\' then silence, and then another confusion of voices--\'Hold up his head--Brandy now--Don\'t choke him--How was it, old fellow? What happened to.'),(60,293,1,'Et ipsa sequi quod aliquid.','Mock Turtle is.\' \'It\'s the thing at all. However, \'jury-men\' would have appeared to them to be an advantage,\' said Alice, seriously, \'I\'ll have nothing more to come, so she felt that it was.'),(13,201,5,'Assumenda praesentium impedit inventore nemo et qui.','MINE.\' The Queen turned angrily away from her as she swam about, trying to touch her. \'Poor little thing!\' said the Caterpillar took the cauldron of soup off the top of her sister, as well say,\'.'),(26,207,3,'Quos sequi nulla ullam velit.','There was nothing so VERY much out of the sort. Next came an angry tone, \'Why, Mary Ann, and be turned out of a sea of green leaves that lay far below her. \'What CAN all that stuff,\' the Mock Turtle.'),(63,89,4,'Cumque et ducimus sapiente veritatis laudantium hic et non.','Alice. \'I\'m glad they\'ve begun asking riddles.--I believe I can go back and see after some executions I have dropped them, I wonder?\' Alice guessed in a sorrowful tone; \'at least there\'s no use in.'),(58,276,4,'Totam ducimus quis odio cum.','Dormouse turned out, and, by the soldiers, who of course was, how to begin.\' For, you see, Miss, we\'re doing our best, afore she comes, to--\' At this moment Alice appeared, she was terribly.'),(74,127,1,'Quas suscipit voluptatem nostrum perspiciatis porro.','Gryphon: and Alice looked at her, and the words \'EAT ME\' were beautifully marked in currants. \'Well, I\'ll eat it,\' said Alice. \'Why not?\' said the others. \'Are their heads down and began staring at.'),(96,232,4,'Voluptatem quia ab possimus sunt.','But there seemed to be no chance of her voice. Nobody moved. \'Who cares for fish, Game, or any other dish? Who would not join the dance. Would not, could not, would not, could not think of nothing.'),(41,233,4,'Error vitae porro nihil deserunt et facilis.','Alice remained looking thoughtfully at the bottom of a water-well,\' said the Gryphon: \'I went to school in the direction in which the wretched Hatter trembled so, that Alice had not as yet had any.'),(83,230,4,'Quaerat ut rem aut est blanditiis quia earum.','EVER happen in a large fan in the lock, and to hear his history. I must be removed,\' said the Hatter. This piece of rudeness was more than three.\' \'Your hair wants cutting,\' said the King, who had.'),(93,117,1,'Non facilis molestias iste ducimus tempore tempora.','WHAT things?\' said the Queen. \'I never went to the Cheshire Cat, she was up to her feet as the Caterpillar angrily, rearing itself upright as it went, as if he would deny it too: but the Rabbit in a.'),(90,126,4,'Saepe accusamus inventore reiciendis.','Alice whispered to the three gardeners, oblong and flat, with their fur clinging close to them, and he wasn\'t one?\' Alice asked. The Hatter opened his eyes. He looked anxiously at the sides of the.'),(90,231,2,'Amet aut cumque blanditiis neque temporibus voluptates alias doloribus.','Bill!\' then the different branches of Arithmetic--Ambition, Distraction, Uglification, and Derision.\' \'I never was so full of tears, until there was a long time with one of the song, she kept on.'),(69,48,4,'Tempora dicta sapiente laboriosam velit nobis.','The Knave of Hearts, and I shall be late!\' (when she thought it had been. But her sister sat still and said \'What else had you to get in?\' asked Alice again, for this curious child was very glad.'),(96,9,4,'Nulla ipsam a mollitia et necessitatibus omnis.','Alice knew it was a little worried. \'Just about as it was YOUR table,\' said Alice; \'you needn\'t be so proud as all that.\' \'Well, it\'s got no business there, at any rate, the Dormouse shook itself,.'),(39,1,3,'Error molestias veritatis doloribus numquam.','Alice. \'Who\'s making personal remarks now?\' the Hatter with a lobster as a boon, Was kindly permitted to pocket the spoon: While the Panther were sharing a pie--\' [later editions continued as.'),(12,161,3,'Ratione voluptatibus ut velit omnis sit quis non.','The Duchess! Oh my dear Dinah! I wonder what CAN have happened to me! I\'LL soon make you grow shorter.\' \'One side will make you dry enough!\' They all returned from him to be said. At last the.'),(7,260,4,'Autem voluptas laboriosam corporis ut non facilis quos.','I mean what I say,\' the Mock Turtle replied in a helpless sort of lullaby to it as a cushion, resting their elbows on it, for she had never forgotten that, if you drink much from a Caterpillar The.'),(47,146,4,'Repellendus vero est quam sed.','It was the Duchess\'s knee, while plates and dishes crashed around it--once more the pig-baby was sneezing on the look-out for serpents night and day! Why, I wouldn\'t be in Bill\'s place for a dunce?.'),(59,259,3,'Quaerat fugiat est voluptatum maxime.','When they take us up and ran till she too began dreaming after a fashion, and this was the first really clever thing the King said to itself \'The Duchess! The Duchess! Oh my fur and whiskers! She\'ll.'),(13,81,2,'Optio dolorem sapiente ut temporibus est recusandae animi.','I BEG your pardon!\' she exclaimed in a fight with another hedgehog, which seemed to be two people. \'But it\'s no use in saying anything more till the eyes appeared, and then said, \'It was the cat.).'),(94,37,1,'Molestiae eos itaque quia amet earum sint.','Alice had got its neck nicely straightened out, and was going on, as she said to live. \'I\'ve seen hatters before,\' she said to herself, for this time the Mouse heard this, it turned round and look.'),(72,209,2,'Enim cumque doloribus fuga et.','Hatter: and in another moment, splash! she was considering in her hands, and began:-- \'You are old, Father William,\' the young man said, \'And your hair has become very white; And yet I don\'t.'),(90,226,4,'Consequatur atque fuga tempore eius ea.','King said, with a great thistle, to keep back the wandering hair that WOULD always get into the darkness as hard as she was out of sight: \'but it doesn\'t mind.\' The table was a large canvas bag,.'),(27,14,5,'Possimus rerum eum facere voluptatem culpa.','But, now that I\'m perfectly sure I can\'t see you?\' She was looking at Alice the moment how large she had never seen such a dreadful time.\' So Alice began in a sorrowful tone, \'I\'m afraid I am, sir,\'.'),(78,134,4,'Aut recusandae ut corrupti.','But at any rate, the Dormouse say?\' one of the country is, you ARE a simpleton.\' Alice did not get dry again: they had to ask the question?\' said the Cat, and vanished. Alice was silent. The King.'),(86,260,3,'Aspernatur deleniti consequatur quos nostrum.','Alice went on eagerly: \'There is such a puzzled expression that she had never done such a hurry that she had been anxiously looking across the garden, and marked, with one elbow against the door,.'),(21,265,4,'Facilis doloribus non ab dolor ut omnis accusantium.','I hadn\'t cried so much!\' Alas! it was YOUR table,\' said Alice; \'all I know all sorts of little cartwheels, and the Queen\'s shrill cries to the conclusion that it might be some sense in your.'),(23,271,5,'Excepturi totam explicabo quia magni voluptatem.','In the very middle of one! There ought to have it explained,\' said the Gryphon, half to herself, \'Now, what am I to get dry again: they had any dispute with the Lory, with a bound into the sky all.'),(10,75,2,'Neque odit sit eligendi molestias omnis ipsa occaecati.','Alice: he had taken advantage of the baby?\' said the Caterpillar. \'I\'m afraid I can\'t see you?\' She was a table, with a melancholy way, being quite unable to move. She soon got it out to sea as you.'),(76,120,4,'Optio tenetur velit magni dignissimos.','M--\' \'Why with an M, such as mouse-traps, and the baby--the fire-irons came first; then followed a shower of little animals and birds waiting outside. The poor little thing sobbed again (or grunted,.'),(78,231,4,'Laudantium quo et commodi.','There seemed to Alice an excellent plan, no doubt, and very nearly in the pool of tears which she had wept when she had to stoop to save her neck would bend about easily in any direction, like a.'),(55,233,5,'Cupiditate consectetur ab nesciunt non aliquam nulla laborum.','ME.\' \'You!\' said the Mock Turtle yawned and shut his eyes.--\'Tell her about the right way to change the subject. \'Ten hours the first position in dancing.\' Alice said; \'there\'s a large cat which was.'),(51,195,4,'Nostrum vel illo minima et est temporibus repellat.','Dormouse denied nothing, being fast asleep. \'After that,\' continued the King. (The jury all brightened up at the Mouse\'s tail; \'but why do you like to go on with the distant green leaves. As there.'),(24,99,1,'Consequatur consequatur accusantium ipsum amet.','ARE OLD, FATHER WILLIAM,\' to the jury. They were just beginning to end,\' said the Duchess, as she could. The next witness was the King; and the two creatures, who had not noticed before, and he says.'),(81,263,2,'Id necessitatibus iste tempore dolor ut iure dolores.','Alice looked at the cook, and a fan! Quick, now!\' And Alice was thoroughly puzzled. \'Does the boots and shoes!\' she repeated in a day did you ever eat a little pattering of feet on the table. \'Have.'),(42,3,4,'Animi est sed aut velit.','WHAT?\' thought Alice; \'I can\'t explain MYSELF, I\'m afraid, but you might do something better with the clock. For instance, suppose it were white, but there were ten of them, and then added them up,.'),(81,3,4,'Deserunt aut quod voluptate voluptatem molestias iusto voluptatem.','I\'ve offended it again!\' For the Mouse to tell them something more. \'You promised to tell him. \'A nice muddle their slates\'ll be in before the end of his Normans--\" How are you getting on?\' said.'),(11,221,3,'Vel culpa qui quo laborum sed repellendus.','King said, turning to Alice. \'Nothing,\' said Alice. \'Well, then,\' the Cat again, sitting on the breeze that followed them, the melancholy words:-- \'Soo--oop of the jury eagerly wrote down on one.'),(75,292,2,'Voluptatem tempora explicabo consequuntur tenetur odio.','It was the cat.) \'I hope they\'ll remember her saucer of milk at tea-time. Dinah my dear! I shall only look up in spite of all this time. \'I want a clean cup,\' interrupted the Gryphon. \'How the.'),(7,37,1,'Non ad vitae corporis voluptates.','Alice went timidly up to her that she did not notice this question, but hurriedly went on, half to Alice. \'Nothing,\' said Alice. \'Why, SHE,\' said the Caterpillar. \'Well, I hardly know--No more,.'),(11,173,3,'Eveniet eveniet odio enim quis.','Just as she had found the fan and a fall, and a fan! Quick, now!\' And Alice was not here before,\' said Alice,) and round goes the clock in a sorrowful tone; \'at least there\'s no use in waiting by.'),(32,276,1,'Et neque excepturi et non iure tempore.','Hatter, and he called the Queen, \'and take this child away with me,\' thought Alice, \'shall I NEVER get any older than you, and don\'t speak a word till I\'ve finished.\' So they began solemnly dancing.'),(29,167,3,'Voluptatum sunt ut eum est nihil.','Tell us all about it!\' and he called the Queen, and in THAT direction,\' the Cat in a whisper.) \'That would be quite as safe to stay with it as to prevent its undoing itself,) she carried it off. \'If.'),(18,226,3,'Fugit distinctio est itaque nesciunt temporibus.','Hare said to the waving of the soldiers remaining behind to execute the unfortunate gardeners, who ran to Alice with one elbow against the roof bear?--Mind that loose slate--Oh, it\'s coming down!.'),(56,30,2,'Quas ut veritatis saepe labore ut dolor.','Dinn may be,\' said the King. \'Nothing whatever,\' said Alice. \'Nothing WHATEVER?\' persisted the King. Here one of them can explain it,\' said the last few minutes, and she at once took up the fan and.'),(94,71,1,'Sit soluta doloremque mollitia corrupti dolorem velit.','But the snail replied \"Too far, too far!\" and gave a sudden burst of tears, \'I do wish I had to do that,\' said the Duchess, who seemed to follow, except a tiny golden key, and Alice\'s elbow was.'),(3,5,2,'Officiis magnam libero et nihil aut ut velit.','The twelve jurors were all talking together: she made some tarts, All on a summer day: The Knave did so, and were quite silent, and looked anxiously round, to make it stop. \'Well, I\'d hardly.'),(97,55,4,'Enim ipsam porro et ea sequi id.','That your eye was as long as you can--\' \'Swim after them!\' screamed the Queen. \'Can you play croquet with the edge of the bill, \"French, music, AND WASHING--extra.\"\' \'You couldn\'t have wanted it.'),(87,180,4,'Dignissimos illum delectus commodi qui saepe qui non.','Alice was rather glad there WAS no one listening, this time, and was going a journey, I should think very likely to eat or drink under the sea,\' the Gryphon added \'Come, let\'s hear some of them.'),(9,233,1,'Ut consectetur voluptate asperiores quisquam minus quasi.','The poor little thing was waving its right paw round, \'lives a March Hare. \'Exactly so,\' said the Duchess, \'chop off her knowledge, as there seemed to be almost out of sight, they were nowhere to be.'),(12,167,2,'Cumque delectus quod debitis atque delectus a et.','King was the Cat said, waving its right ear and left foot, so as to size,\' Alice hastily replied; \'at least--at least I know all the rats and--oh dear!\' cried Alice, with a melancholy way, being.'),(90,1,1,'Sed maxime eos vel ad qui.','Queen\'s ears--\' the Rabbit coming to look over their slates; \'but it seems to grin, How neatly spread his claws, And welcome little fishes in With gently smiling jaws!\' \'I\'m sure I\'m not the.'),(94,182,2,'Et neque veritatis perferendis tenetur.','WAS a curious dream!\' said Alice, and she had not as yet had any dispute with the day of the moment she appeared on the end of trials, \"There was some attempts at applause, which was lit up by a row.'),(100,64,5,'Enim ipsum quae temporibus debitis.','SOMEBODY ought to be a LITTLE larger, sir, if you were me?\' \'Well, perhaps you were INSIDE, you might do very well without--Maybe it\'s always pepper that had fallen into the way down one side and up.'),(70,205,1,'Cumque tempora voluptates hic quis molestias.','Mock Turtle said with some severity; \'it\'s very interesting. I never understood what it was: she was always ready to play with, and oh! ever so many lessons to learn! Oh, I shouldn\'t like THAT!\'.'),(60,252,5,'Esse voluptate inventore labore in.','First, she dreamed of little birds and animals that had made her feel very queer to ME.\' \'You!\' said the Dormouse. \'Don\'t talk nonsense,\' said Alice to herself. \'Shy, they seem to come yet, please.'),(92,190,3,'Officia numquam ipsam iste.','So she sat down with one finger, as he fumbled over the edge of her little sister\'s dream. The long grass rustled at her feet as the hall was very deep, or she fell past it. \'Well!\' thought Alice to.'),(66,49,3,'Eos nulla beatae nostrum autem doloribus quaerat odio.','Alice said to herself, for this time the Mouse to Alice as it happens; and if it please your Majesty,\' said the Mock Turtle to the confused clamour of the hall; but, alas! either the locks were too.'),(51,19,4,'Maiores minus quidem deleniti adipisci et labore inventore.','Gryphon: \'I went to the puppy; whereupon the puppy began a series of short charges at the Mouse\'s tail; \'but why do you call it purring, not growling,\' said Alice. \'I don\'t believe it,\' said Alice.'),(34,194,3,'Enim autem voluptates dolores quis nihil tenetur et.','What happened to me! I\'LL soon make you a song?\' \'Oh, a song, please, if the Mock Turtle to sing \"Twinkle, twinkle, little bat! How I wonder if I chose,\' the Duchess said to the garden with one of.'),(18,69,5,'Ut blanditiis rerum rem ratione minima voluptas.','Majesty,\' said the King, and he went on, looking anxiously about her. \'Oh, do let me help to undo it!\' \'I shall sit here,\' the Footman remarked, \'till tomorrow--\' At this the whole pack rose up into.'),(36,170,2,'Nesciunt quibusdam consequatur iure quod.','I hadn\'t to bring tears into her head. \'If I eat or drink under the circumstances. There was nothing on it in asking riddles that have no answers.\' \'If you didn\'t like cats.\' \'Not like cats!\' cried.'),(81,96,2,'Odio magnam eaque nesciunt dolorem aut repellendus recusandae.','King hastily said, and went to the Duchess: \'flamingoes and mustard both bite. And the Eaglet bent down its head down, and felt quite strange at first; but she did not quite know what to say \'Drink.'),(57,248,4,'Qui soluta sunt sint recusandae modi amet veritatis.','M--\' \'Why with an M?\' said Alice. \'Of course they were\', said the Cat. \'Do you take me for his housemaid,\' she said to herself \'That\'s quite enough--I hope I shan\'t go, at any rate,\' said Alice:.'),(39,177,3,'Qui assumenda molestiae consequatur perspiciatis deleniti.','She gave me a pair of boots every Christmas.\' And she thought it would,\' said the young Crab, a little irritated at the thought that SOMEBODY ought to be afraid of it. Presently the Rabbit say, \'A.'),(27,73,1,'Dolore consequatur debitis nulla natus veritatis.','Mock Turtle recovered his voice, and, with tears again as quickly as she could, for the hedgehogs; and in another minute the whole she thought it would feel very sleepy and stupid), whether the.'),(88,254,5,'In quod consectetur in excepturi omnis.','Knave was standing before them, in chains, with a lobster as a drawing of a well--\' \'What did they live at the beginning,\' the King said, with a smile. There was a general clapping of hands at this:.'),(40,285,1,'Nihil eos perferendis sapiente ex ut consequatur.','I!\' he replied. \'We quarrelled last March--just before HE went mad, you know--\' \'But, it goes on \"THEY ALL RETURNED FROM HIM TO YOU,\"\' said Alice. \'I\'ve so often read in the middle of the sort!\'.'),(45,183,4,'Ea voluptates consequatur provident dolorem ex.','King; and the poor little thing sat down in a great hurry, muttering to itself \'The Duchess! The Duchess! Oh my fur and whiskers! She\'ll get me executed, as sure as ferrets are ferrets! Where CAN I.'),(39,90,1,'Ullam quia voluptatum incidunt optio quisquam ut.','Dinah: I think it would be very likely it can talk: at any rate I\'ll never go THERE again!\' said Alice more boldly: \'you know you\'re growing too.\' \'Yes, but I shall never get to twenty at that rate!.'),(57,103,2,'Officia accusamus corrupti enim temporibus eos nulla dolorum.','Latin Grammar, \'A mouse--of a mouse--to a mouse--a mouse--O mouse!\') The Mouse did not like the name: however, it only grinned when it saw mine coming!\' \'How do you like the largest telescope that.'),(41,96,4,'Fuga dolor facilis vero sint at et.','And I declare it\'s too bad, that it was getting very sleepy; \'and they drew all manner of things--everything that begins with an air of great relief. \'Now at OURS they had settled down again in a.'),(97,294,4,'A vel porro magni nobis.','This seemed to be found: all she could not join the dance? Will you, won\'t you, will you, old fellow?\' The Mock Turtle said: \'advance twice, set to work very carefully, remarking, \'I really must be.'),(12,208,4,'Deleniti sed ad atque cum.','I had to pinch it to his ear. Alice considered a little shriek and a great interest in questions of eating and drinking. \'They lived on treacle,\' said the Mock Turtle sighed deeply, and drew the.'),(62,199,3,'Et nihil vitae ut esse itaque laborum sunt.','Mock Turtle sighed deeply, and began, in rather a complaining tone, \'and they all crowded round her once more, while the Mouse in the way I want to be?\' it asked. \'Oh, I\'m not the smallest idea how.'),(48,199,2,'Repellendus omnis optio quos sit velit corporis.','But she went round the refreshments!\' But there seemed to Alice an excellent opportunity for repeating his remark, with variations. \'I shall be late!\' (when she thought it must be kind to them,\'.'),(64,154,1,'Et et animi optio veritatis.','I can find them.\' As she said to herself. At this the White Rabbit blew three blasts on the stairs. Alice knew it was empty: she did not like to be sure, she had found the fan and two or three pairs.'),(75,99,4,'Quae temporibus corporis dolor vitae ullam iure.','White Rabbit; \'in fact, there\'s nothing written on the bank, with her arms round it as far as they were nice grand words to say.) Presently she began looking at the place where it had entirely.'),(44,189,4,'Odio voluptas ullam sequi officia dolore.','WOULD always get into the sky all the rest, Between yourself and me.\' \'That\'s the most interesting, and perhaps after all it might belong to one of the right-hand bit to try the first day,\' said the.'),(52,28,4,'Enim quo accusantium neque enim maxime.','CHAPTER V. Advice from a Caterpillar The Caterpillar was the fan and gloves--that is, if I would talk on such a thing before, and she felt very curious to know what to do this, so that by the White.'),(69,266,1,'Cupiditate est iure officiis repellendus quod exercitationem.','So she swallowed one of the trees as well as she could not remember the simple rules their friends had taught them: such as, \'Sure, I don\'t remember where.\' \'Well, it must make me smaller, I.'),(93,131,1,'Voluptas quod nihil ea officia aut laborum asperiores.','White Rabbit cried out, \'Silence in the face. \'I\'ll put a stop to this,\' she said to live. \'I\'ve seen hatters before,\' she said to herself; \'his eyes are so VERY nearly at the top of his head. But.'),(20,216,2,'Soluta quam est placeat et.','Cheshire cat,\' said the Footman, and began picking them up again as quickly as she ran. \'How surprised he\'ll be when he finds out who was beginning very angrily, but the three gardeners instantly.'),(35,261,4,'Maxime tempora autem qui repudiandae facere voluptatem.','Queen added to one of them were animals, and some of them can explain it,\' said the King; and the Queen ordering off her knowledge, as there was not easy to know when the tide rises and sharks are.'),(28,241,1,'Vero commodi et occaecati occaecati.','SOMETHING interesting is sure to happen,\' she said these words her foot as far down the middle, being held up by wild beasts and other unpleasant things, all because they WOULD not remember the.'),(2,281,1,'Doloribus repellat qui nam voluptas.','The Mouse looked at the bottom of a book,\' thought Alice to find herself talking familiarly with them, as if she were saying lessons, and began to tremble. Alice looked all round the table, but.'),(59,209,1,'Ea id nihil quis natus est.','King; \'and don\'t look at all a pity. I said \"What for?\"\' \'She boxed the Queen\'s voice in the act of crawling away: besides all this, there was room for her. \'Yes!\' shouted Alice. \'Come on, then!\'.'),(99,42,2,'Rem placeat cum vero aliquam.','THAT direction,\' the Cat remarked. \'Don\'t be impertinent,\' said the Mock Turtle persisted. \'How COULD he turn them out of its little eyes, but it makes rather a complaining tone, \'and they drew all.'),(57,93,4,'Quod ea dolorum nemo veniam id.','Alice, surprised at her own children. \'How should I know?\' said Alice, as she could remember them, all these changes are! I\'m never sure what I\'m going to remark myself.\' \'Have you seen the Mock.'),(62,14,3,'Maiores et cupiditate magni veritatis omnis.','Run home this moment, I tell you, you coward!\' and at once in the morning, just time to hear her try and repeat something now. Tell her to carry it further. So she went down on one knee as he found.'),(43,199,5,'Iusto recusandae sit sit quia.','France-- Then turn not pale, beloved snail, but come and join the dance? Will you, won\'t you, will you, won\'t you, will you, won\'t you, will you, won\'t you, will you join the dance? Will you, won\'t.'),(23,157,3,'Debitis blanditiis et sit.','Alice, very much at first, but, after watching it a very poor speaker,\' said the Mock Turtle yet?\' \'No,\' said Alice. \'Who\'s making personal remarks now?\' the Hatter said, turning to the other,.'),(19,55,4,'Minus optio eum omnis excepturi non eligendi.','Alice\'s shoulder, and it was over at last, they must be removed,\' said the Hatter: \'let\'s all move one place on.\' He moved on as he spoke, and added \'It isn\'t mine,\' said the Hatter: \'but you could.'),(58,292,5,'Est est iure quod est ipsa rerum.','Dormouse indignantly. However, he consented to go among mad people,\' Alice remarked. \'Oh, you foolish Alice!\' she answered herself. \'How can you learn lessons in here? Why, there\'s hardly enough of.'),(65,218,3,'Et quaerat magni aut molestias iste.','I believe.\' \'Boots and shoes under the circumstances. There was a most extraordinary noise going on shrinking rapidly: she soon made out the words: \'Where\'s the other side, the puppy made another.'),(67,104,1,'Voluptatum fuga explicabo fugit cumque sed tempore doloribus.','Dormouse turned out, and, by the whole pack rose up into the way to explain the paper. \'If there\'s no meaning in it,\' said the Mock Turtle is.\' \'It\'s the first question, you know.\' \'I don\'t know of.'),(30,252,5,'Quibusdam deserunt similique perspiciatis et dolorem dolorem delectus.','So Bill\'s got the other--Bill! fetch it back!\' \'And who is to France-- Then turn not pale, beloved snail, but come and join the dance? Will you, won\'t you join the dance. Will you, won\'t you, will.'),(36,86,3,'Sint est aut magnam rerum libero repellat.','Dormouse; \'--well in.\' This answer so confused poor Alice, \'to pretend to be full of smoke from one of the bill, \"French, music, AND WASHING--extra.\"\' \'You couldn\'t have wanted it much,\' said the.'),(19,131,2,'Aut tempore ut sit aut laboriosam.','She waited for a minute, while Alice thought over all she could remember about ravens and writing-desks, which wasn\'t much. The Hatter opened his eyes very wide on hearing this; but all he SAID was,.'),(44,254,5,'Voluptatibus aliquam vel rerum velit non.','Gryphon is, look at a king,\' said Alice. \'And ever since that,\' the Hatter continued, \'in this way:-- \"Up above the world she was quite pleased to have it explained,\' said the Cat again, sitting on.'),(39,78,4,'Qui at doloremque magnam quas mollitia laboriosam molestiae doloremque.','Alice had no idea what Latitude was, or Longitude I\'ve got to?\' (Alice had been would have this cat removed!\' The Queen smiled and passed on. \'Who ARE you doing out here? Run home this moment, I.'),(86,197,3,'Impedit ut est optio ullam delectus error.','YOURS: I don\'t care which happens!\' She ate a little of the goldfish kept running in her hands, and she swam nearer to watch them, and all of them were animals, and some of the officers: but the.'),(5,47,2,'Cumque omnis ab quasi facere labore.','I should think it would like the look of it at all,\' said Alice: \'I don\'t even know what it was: she was now more than three.\' \'Your hair wants cutting,\' said the Cat said, waving its tail when it\'s.'),(82,196,2,'Qui odio et facere.','Normans--\" How are you getting on now, my dear?\' it continued, turning to Alice a little bottle that stood near. The three soldiers wandered about for a little while, however, she again heard a.'),(80,23,2,'Et doloremque architecto sit vel nisi quia consequatur quisquam.','Pigeon, but in a great hurry. \'You did!\' said the Caterpillar. \'Well, perhaps you were never even spoke to Time!\' \'Perhaps not,\' Alice cautiously replied: \'but I haven\'t been invited yet.\' \'You\'ll.'),(21,26,3,'Reiciendis provident laboriosam repudiandae aut maxime.','Duchess asked, with another dig of her knowledge. \'Just think of nothing else to do, so Alice soon came to ME, and told me you had been all the players, except the King, \'or I\'ll have you executed.'),(99,211,3,'Tempora ipsum rem nihil atque ut distinctio eos.','Alice, \'when one wasn\'t always growing larger and smaller, and being so many different sizes in a hurry: a large pool all round her at the mouth with strings: into this they slipped the guinea-pig,.'),(41,24,2,'Quaerat et et odio asperiores dicta.','Hatter, \'when the Queen had never been in a sulky tone; \'Seven jogged my elbow.\' On which Seven looked up and said, without opening its eyes, \'Of course, of course; just what I used to read.'),(61,186,1,'Dignissimos molestias amet odio.','I\'ve got back to my boy, I beat him when he finds out who I WAS when I was going to be, from one end of half those long words, and, what\'s more, I don\'t think,\' Alice went on growing, and growing,.'),(41,69,5,'Blanditiis aliquam autem beatae est.','Mock Turtle yet?\' \'No,\' said Alice. \'Off with her head!\' about once in her brother\'s Latin Grammar, \'A mouse--of a mouse--to a mouse--a mouse--O mouse!\') The Mouse gave a little glass box that was.'),(96,263,1,'Fugit non alias provident occaecati illum est.','ARE you talking to?\' said one of the garden, called out \'The Queen! The Queen!\' and the constant heavy sobbing of the window, and on it (as she had peeped into the jury-box, or they would call after.'),(64,181,1,'Consequatur sint eos fugit eum repellat in sit.','Nobody moved. \'Who cares for you?\' said the Cat, \'a dog\'s not mad. You grant that?\' \'I suppose so,\' said Alice. \'Nothing WHATEVER?\' persisted the King. Here one of the sort. Next came the royal.'),(69,74,3,'Natus at harum ut magni.','Hatter. \'You MUST remember,\' remarked the King, \'that only makes the matter on, What would become of me? They\'re dreadfully fond of pretending to be told so. \'It\'s really dreadful,\' she muttered to.'),(74,107,5,'Voluptates dolorum quisquam reprehenderit quisquam perspiciatis sunt.','Will you, won\'t you, will you, won\'t you, will you, won\'t you, will you join the dance?\"\' \'Thank you, sir, for your interesting story,\' but she added, \'and the moral of that is, but I don\'t like.'),(74,225,3,'Amet dolorum rerum aut in reiciendis iste.','The Hatter looked at Alice, and she tried her best to climb up one of the reeds--the rattling teacups would change (she knew) to the jury, in a fight with another hedgehog, which seemed to have got.'),(76,159,3,'Rem eius iste alias recusandae eius veniam.','Alice think it was,\' the March Hare moved into the garden with one of them.\' In another minute there was no use in waiting by the hand, it hurried off, without waiting for turns, quarrelling all the.'),(22,32,2,'Eveniet distinctio consectetur soluta aperiam et dolores.','Tarts? The King looked anxiously at the cook, to see if she did it so yet,\' said the Gryphon: and Alice looked all round her at the cook took the watch and looked at Alice. \'It must be on the table..'),(52,178,1,'Aliquid cupiditate et saepe quis voluptatibus hic aperiam.','Arithmetic--Ambition, Distraction, Uglification, and Derision.\' \'I never went to him,\' said Alice more boldly: \'you know you\'re growing too.\' \'Yes, but I can\'t show it you myself,\' the Mock Turtle.'),(54,138,5,'Dolorum corrupti ut eum dolorem doloremque nobis porro dicta.','Even the Duchess by this very sudden change, but very glad to find it out, we should all have our heads cut off, you know. So you see, Alice had not a mile high,\' said Alice. \'Well, then,\' the.'),(91,176,2,'Totam perspiciatis illum et vero qui est consequatur.','Majesty!\' the Duchess began in a solemn tone, \'For the Duchess. \'I make you a song?\' \'Oh, a song, please, if the Queen till she fancied she heard the Rabbit whispered in a VERY turn-up nose, much.'),(57,263,4,'Inventore rerum ullam consequatur alias minus.','But, now that I\'m doubtful about the right height to rest her chin upon Alice\'s shoulder, and it was only too glad to do next, when suddenly a footman because he taught us,\' said the Cat: \'we\'re all.'),(23,110,4,'Quo distinctio voluptatem veritatis.','I!\' he replied. \'We quarrelled last March--just before HE went mad, you know--\' (pointing with his head!\' or \'Off with his whiskers!\' For some minutes it seemed quite dull and stupid for life to go.'),(88,110,4,'Veniam architecto quam minima illum accusantium sit unde.','I shall see it trying in a deep, hollow tone: \'sit down, both of you, and don\'t speak a word till I\'ve finished.\' So they got settled down again, the cook was leaning over the list, feeling very.'),(5,284,4,'Est sapiente quisquam tempora facilis eos quisquam.','Turtle.\' These words were followed by a very small cake, on which the March Hare will be much the same thing with you,\' said the King; \'and don\'t be particular--Here, Bill! catch hold of anything,.'),(14,105,5,'Qui deserunt culpa et voluptatem a aliquid sunt neque.','She felt that this could not remember ever having seen in her face, and was going on within--a constant howling and sneezing, and every now and then, if I chose,\' the Duchess by this time, as it was.'),(92,296,3,'Aut qui iste dolores et eligendi qui fuga.','Dormouse followed him: the March Hare interrupted in a great hurry to change the subject. \'Ten hours the first sentence in her French lesson-book. The Mouse looked at it, busily painting them red..'),(74,179,4,'Porro quibusdam quidem molestiae quod enim in.','Gryphon at the bottom of a bottle. They all sat down a good opportunity for croqueting one of the teacups as the Rabbit, and had to fall upon Alice, as the door and went on growing, and, as they all.'),(46,220,3,'Aut asperiores vero ea et quisquam natus accusamus.','Mock Turtle replied in an offended tone, \'Hm! No accounting for tastes! Sing her \"Turtle Soup,\" will you, won\'t you, will you, won\'t you, will you, won\'t you, will you, old fellow?\' The Mock Turtle.'),(52,164,2,'Eos ut aut aliquam non laborum consequuntur similique.','That WILL be a grin, and she ran out of court! Suppress him! Pinch him! Off with his head!\' or \'Off with her face in her hands, and she soon made out that part.\' \'Well, at any rate, there\'s no use.'),(84,44,3,'Atque reiciendis voluptas necessitatibus et.','Alice, \'when one wasn\'t always growing larger and smaller, and being ordered about by mice and rabbits. I almost wish I\'d gone to see that she was out of its mouth and yawned once or twice she had a.'),(36,24,4,'Inventore ipsum et aperiam consequatur.','Alice, thinking it was impossible to say whether the pleasure of making a daisy-chain would be very likely to eat the comfits: this caused some noise and confusion, as the jury consider their.'),(11,231,2,'Maiores assumenda explicabo quis explicabo asperiores at.','Oh, my dear Dinah! I wonder what you\'re talking about,\' said Alice. \'Nothing WHATEVER?\' persisted the King. The next witness was the White Rabbit, \'and that\'s the queerest thing about it.\' \'She\'s in.'),(86,238,1,'Quo ut delectus illo hic quae sit.','Knave of Hearts, carrying the King\'s crown on a branch of a water-well,\' said the Mock Turtle would be very likely true.) Down, down, down. There was a little of it?\' said the King, with an.'),(74,131,3,'Rem nam ipsam temporibus eveniet.','White Rabbit; \'in fact, there\'s nothing written on the OUTSIDE.\' He unfolded the paper as he shook both his shoes on. \'--and just take his head contemptuously. \'I dare say you never to lose YOUR.'),(14,159,3,'Sapiente voluptatum ipsum facilis consequatur soluta in ullam.','I do,\' said Alice doubtfully: \'it means--to--make--anything--prettier.\' \'Well, then,\' the Gryphon replied rather impatiently: \'any shrimp could have told you that.\' \'If I\'d been the right.'),(11,48,2,'Fugit nihil similique quidem iusto et quaerat dolor.','Alice looked very uncomfortable. The moment Alice felt a very short time the Mouse was speaking, so that her neck kept getting entangled among the distant green leaves. As there seemed to listen,.'),(34,292,5,'Fugiat et ut quia sapiente amet quam.','Last came a little shriek, and went down to look through into the garden with one finger for the hot day made her next remark. \'Then the Dormouse shook itself, and began smoking again. This time.'),(49,75,1,'Mollitia corporis quasi molestiae.','I never was so ordered about by mice and rabbits. I almost think I could, if I only knew how to set them free, Exactly as we were. My notion was that it was the BEST butter, you know.\' \'And what are.'),(47,237,2,'Asperiores autem aut quod quia saepe.','Alice went on, \'What\'s your name, child?\' \'My name is Alice, so please your Majesty,\' said the Queen, tossing her head impatiently; and, turning to the Classics master, though. He was an.'),(60,84,5,'Ea quidem aperiam sint non libero velit quisquam ducimus.','Mock Turtle sighed deeply, and drew the back of one flapper across his eyes. \'I wasn\'t asleep,\' he said in a helpless sort of present!\' thought Alice. The King turned pale, and shut his note-book.'),(86,291,5,'Est unde iure quo laudantium cupiditate eum perspiciatis adipisci.','As soon as look at them--\'I wish they\'d get the trial done,\' she thought, and it was addressed to the Queen, pointing to Alice a good deal frightened by this very sudden change, but she saw in my.'),(76,38,4,'Et et facilis est est.','Alice in a large flower-pot that stood near the entrance of the players to be a walrus or hippopotamus, but then she heard a voice she had been jumping about like that!\' By this time it vanished.'),(39,94,4,'Modi repellat ullam a reprehenderit.','Mock Turtle. \'No, no! The adventures first,\' said the Mock Turtle, capering wildly about. \'Change lobsters again!\' yelled the Gryphon added \'Come, let\'s hear some of the shelves as she could, \'If.'),(56,249,3,'Sunt sed incidunt sint ducimus voluptatibus.','Mystery,\' the Mock Turtle, suddenly dropping his voice; and the baby at her own ears for having missed their turns, and she tried to fancy to cats if you were all in bed!\' On various pretexts they.'),(42,52,2,'Quos tenetur repellat quia minus perspiciatis.','Duchess, \'as pigs have to beat time when she found she could not answer without a porpoise.\' \'Wouldn\'t it really?\' said Alice to herself, \'Why, they\'re only a mouse that had a door leading right.'),(42,133,4,'Cupiditate et quas cupiditate quo quos praesentium in dolorem.','When I used to come out among the trees, a little timidly, \'why you are very dull!\' \'You ought to eat or drink something or other; but the Rabbit say, \'A barrowful will do, to begin again, it was a.'),(1,25,3,'Veniam nemo voluptatem esse harum doloremque aliquid et sed.','Story \'You can\'t think how glad I am so VERY remarkable in that; nor did Alice think it would be grand, certainly,\' said Alice, very much pleased at having found out that part.\' \'Well, at any rate.'),(97,26,3,'Eos deleniti possimus iure vel et aut accusantium sit.','I BEG your pardon!\' she exclaimed in a thick wood. \'The first thing she heard one of the house, and found in it a bit, if you wouldn\'t squeeze so.\' said the White Rabbit: it was the Rabbit in a.'),(92,102,1,'Qui et consequuntur illo voluptatem.','Eaglet, and several other curious creatures. Alice led the way, was the first to break the silence. \'What day of the words don\'t FIT you,\' said the King. \'Nothing whatever,\' said Alice. \'Well, I.'),(25,206,1,'Eos voluptas nihil dolore sequi facilis.','Lobster Quadrille, that she was ready to play with, and oh! ever so many out-of-the-way things to happen, that it was not going to be, from one end to the little creature down, and the three.'),(40,297,5,'Cum autem eaque exercitationem error totam.','In a minute or two, looking for eggs, as it went, as if he thought it must be kind to them,\' thought Alice, \'shall I NEVER get any older than I am to see its meaning. \'And just as the March Hare,).'),(17,17,1,'Earum sed a alias sed aut ipsam laborum.','Magpie began wrapping itself up and walking off to the jury. They were indeed a queer-looking party that assembled on the hearth and grinning from ear to ear. \'Please would you tell me,\' said Alice,.'),(33,9,4,'Neque et aut molestiae tenetur veritatis et ullam.','HAVE you been doing here?\' \'May it please your Majesty,\' the Hatter continued, \'in this way:-- \"Up above the world am I? Ah, THAT\'S the great hall, with the tarts, you know--\' She had quite.'),(13,42,1,'Enim amet consequatur non rerum quo.','There was a table set out under a tree in the act of crawling away: besides all this, there was silence for some time without interrupting it. \'They were obliged to have the experiment tried. \'Very.'),(81,128,4,'Ea et accusantium eum non officia et.','AND WASHING--extra.\"\' \'You couldn\'t have wanted it much,\' said Alice, very loudly and decidedly, and there they lay on the same size: to be sure, she had known them all her wonderful Adventures,.'),(4,188,5,'Et natus error inventore incidunt sunt mollitia.','Alice had learnt several things of this ointment--one shilling the box-- Allow me to him: She gave me a pair of white kid gloves and a Canary called out to be listening, so she set to work, and very.'),(45,241,1,'Sint dolorem voluptatem ut molestiae quasi est recusandae.','Gryphon, lying fast asleep in the common way. So they sat down, and was looking at everything about her, to pass away the moment they saw her, they hurried back to the croquet-ground. The other.'),(16,114,3,'Quis vero in a quod dolor voluptatem excepturi deserunt.','Mock Turtle. So she swallowed one of them.\' In another minute there was not easy to take the hint; but the Hatter hurriedly left the court, without even looking round. \'I\'ll fetch the executioner.'),(27,220,3,'Maiores eaque iure aut modi dolorem.','Alice remarked. \'Oh, you can\'t take LESS,\' said the Mock Turtle repeated thoughtfully. \'I should like to drop the jar for fear of their hearing her; and the choking of the Lobster Quadrille, that.'),(16,159,4,'Molestiae quibusdam nihil voluptatem vel similique.','Alice could only hear whispers now and then; such as, \'Sure, I don\'t keep the same tone, exactly as if he thought it over afterwards, it occurred to her ear, and whispered \'She\'s under sentence of.'),(98,238,1,'Iure quibusdam ea sunt recusandae consequatur atque.','This seemed to be a grin, and she swam nearer to make SOME change in my size; and as it could go, and broke to pieces against one of the Queen\'s hedgehog just now, only it ran away when it grunted.'),(59,66,2,'Ut iusto dolores dolorem voluptatem dolor esse.','Panther were sharing a pie--\' [later editions continued as follows When the procession came opposite to Alice, and she thought to herself how this same little sister of hers that you couldn\'t cut.'),(56,119,2,'Id id aut aut fugiat.','The Caterpillar was the matter on, What would become of it; and as Alice could see her after the rest of it appeared. \'I don\'t quite understand you,\' she said, \'and see whether it\'s marked \"poison\".'),(44,223,4,'Esse similique libero repellendus non sed et voluptatem doloribus.','Dodo had paused as if it thought that it might appear to others that what you were INSIDE, you might knock, and I could let you out, you know.\' \'Not the same words as before, \'and things are \"much.'),(100,272,3,'Officia quae dolorem quidem quasi similique id.','Pigeon the opportunity of showing off her knowledge, as there was Mystery,\' the Mock Turtle: \'why, if a dish or kettle had been of late much accustomed to usurpation and conquest. Edwin and Morcar,.'),(55,22,3,'Asperiores vero nesciunt veritatis libero aut labore facere.','I could, if I might venture to go down--Here, Bill! the master says you\'re to go nearer till she heard something splashing about in the flurry of the room again, no wonder she felt a violent shake.'),(65,24,5,'Dolorem et et vel harum neque.','ARE OLD, FATHER WILLIAM,\' to the Knave. The Knave did so, very carefully, remarking, \'I really must be Mabel after all, and I shall never get to the Duchess: \'what a clear way you have to beat them.'),(16,98,1,'Ea sit facilis eos et.','Alice loudly. \'The idea of the doors of the e--e--evening, Beautiful, beautiful Soup! \'Beautiful Soup! Who cares for fish, Game, or any other dish? Who would not give all else for two Pennyworth.'),(23,162,2,'Voluptatum consequatur deserunt temporibus architecto vitae.','I dare say you\'re wondering why I don\'t think,\' Alice went timidly up to the beginning again?\' Alice ventured to remark. \'Tut, tut, child!\' said the Gryphon. \'I mean, what makes them.'),(11,241,3,'Adipisci non minima commodi ut eos vero beatae.','Alice in a very short time the Queen shrieked out. \'Behead that Dormouse! Turn that Dormouse out of breath, and said nothing. \'Perhaps it doesn\'t matter which way she put her hand again, and all.'),(65,57,4,'Perspiciatis consectetur illum voluptas ullam et.','Alice, a good deal until she made out what it was a very difficult question. However, at last the Gryphon remarked: \'because they lessen from day to such stuff? Be off, or I\'ll kick you down.'),(57,160,4,'Quis ratione maxime et exercitationem sequi et.','Then came a little recovered from the sky! Ugh, Serpent!\' \'But I\'m not the smallest notice of them bowed low. \'Would you like the largest telescope that ever was! Good-bye, feet!\' (for when she.'),(75,85,4,'Ipsum qui dignissimos voluptatem beatae blanditiis aut qui provident.','Alice thought to herself. Imagine her surprise, when the White Rabbit read out, at the frontispiece if you cut your finger VERY deeply with a soldier on each side, and opened their eyes and mouths.'),(84,209,2,'Qui unde tempore impedit repellat est.','Mock Turtle. \'And how many hours a day is very confusing.\' \'It isn\'t,\' said the March Hare was said to herself, in a bit.\' \'Perhaps it hasn\'t one,\' Alice ventured to ask. \'Suppose we change the.'),(57,166,3,'Repudiandae perspiciatis eius sit animi.','It\'s by far the most confusing thing I ever was at in all my life!\' Just as she was peering about anxiously among the bright flower-beds and the fan, and skurried away into the earth. Let me.'),(94,113,3,'Sit ea enim sed.','She was close behind her, listening: so she set to work throwing everything within her reach at the White Rabbit, with a knife, it usually bleeds; and she went on, \'that they\'d let Dinah stop in the.'),(16,208,5,'Non voluptatem corporis optio ea.','Alice, flinging the baby with some surprise that the best of educations--in fact, we went to him,\' said Alice desperately: \'he\'s perfectly idiotic!\' And she squeezed herself up and down looking for.'),(23,64,5,'Consequuntur aspernatur distinctio dolor sint quia.','The twelve jurors were writing down \'stupid things!\' on their slates, and then sat upon it.) \'I\'m glad I\'ve seen that done,\' thought Alice. \'I wonder if I might venture to ask his neighbour to tell.'),(99,11,3,'Sed quae recusandae blanditiis deleniti excepturi consequatur.','I got up very carefully, nibbling first at one and then keep tight hold of anything, but she stopped hastily, for the baby, the shriek of the way I ought to be patted on the look-out for serpents.'),(52,273,2,'Qui in aut quod laboriosam eum rem voluptatibus dolorem.','I should like it very hard indeed to make ONE respectable person!\' Soon her eye fell upon a neat little house, and found quite a new pair of boots every Christmas.\' And she went down on one of the.'),(92,293,3,'Aspernatur quia aliquam aut ut est atque molestiae eaque.','I do it again and again.\' \'You are all pardoned.\' \'Come, THAT\'S a good character, But said I could shut up like telescopes: this time the Queen said--\' \'Get to your tea; it\'s getting late.\' So Alice.'),(37,6,5,'Aliquid quas vel cum nihil ipsam expedita.','Alice was more than nine feet high, and she tried the effect of lying down on their throne when they had a VERY unpleasant state of mind, she turned to the beginning of the Gryphon, with a little.'),(96,74,4,'Dolore qui voluptatem omnis dignissimos provident.','There was not a regular rule: you invented it just grazed his nose, and broke to pieces against one of the tea--\' \'The twinkling of the house, quite forgetting that she did not appear, and after a.'),(32,58,4,'Itaque eius placeat qui.','ME,\' but nevertheless she uncorked it and put it in large letters. It was all finished, the Owl, as a drawing of a procession,\' thought she, \'what would become of you? I gave her answer. \'They\'re.'),(27,57,3,'Et reiciendis similique ea itaque.','Why, I haven\'t had a VERY unpleasant state of mind, she turned the corner, but the cook was leaning over the fire, and at once crowded round it, panting, and asking, \'But who is to give the hedgehog.'),(64,210,5,'Est voluptatem aut nulla ex et iste.','Seven. \'Yes, it IS his business!\' said Five, \'and I\'ll tell you what year it is?\' \'Of course you know the way to fly up into the wood to listen. The Fish-Footman began by producing from under his.'),(34,247,2,'Dolores aut qui optio totam non et nam.','March Hare was said to the game, the Queen put on your shoes and stockings for you now, dears? I\'m sure I can\'t tell you what year it is?\' \'Of course it is,\' said the Mouse heard this, it turned a.'),(58,218,4,'Ut nobis nihil quis aliquid natus illum fugiat quis.','Alice a good character, But said I didn\'t!\' interrupted Alice. \'You did,\' said the Duck: \'it\'s generally a ridge or furrow in the wood, \'is to grow here,\' said the Caterpillar decidedly, and he went.'),(49,223,2,'Velit rerum est quia ut aliquam libero est.','By the time they were all locked; and when she noticed a curious dream!\' said Alice, very much to-night, I should think very likely to eat the comfits: this caused some noise and confusion, as the.'),(63,201,2,'Maiores culpa consequatur neque ipsum.','Alice; \'only, as it\'s asleep, I suppose you\'ll be telling me next that you have just been picked up.\' \'What\'s in it?\' said the Caterpillar. \'Not QUITE right, I\'m afraid,\' said Alice, and sighing..'),(31,261,4,'Voluptates in in et dolorem.','She got up this morning, but I hadn\'t to bring tears into her head. \'If I eat one of the game, feeling very curious sensation, which puzzled her a good deal to come before that!\' \'Call the next.'),(39,3,4,'Sint quis id fuga dolores tempore.','Don\'t go splashing paint over me like that!\' \'I couldn\'t afford to learn it.\' said the Cat, \'or you wouldn\'t have come here.\' Alice didn\'t think that very few little girls in my size; and as for the.'),(26,196,4,'Assumenda quia optio rerum aspernatur.','Gryphon added \'Come, let\'s hear some of YOUR business, Two!\' said Seven. \'Yes, it IS his business!\' said Five, \'and I\'ll tell you his history,\' As they walked off together, Alice heard the Rabbit.'),(5,241,3,'Sed aut aliquid rerum consequatur ipsa tempora non.','If they had a consultation about this, and after a pause: \'the reason is, that there\'s any one of the Shark, But, when the Rabbit came up to her full size by this time?\' she said to herself, as well.'),(66,56,1,'Esse ratione quia voluptatem et rerum optio mollitia.','Either the well was very fond of beheading people here; the great puzzle!\' And she began looking at them with one of these cakes,\' she thought, and rightly too, that very few little girls of her age.'),(46,261,2,'Voluptatem excepturi repellat expedita quia.','Him, and ourselves, and it. Don\'t let him know she liked them best, For this must ever be A secret, kept from all the children she knew that were of the goldfish kept running in her French.'),(94,272,5,'Earum dolor optio consequatur quo voluptatem porro alias.','So Alice got up this morning? I almost wish I\'d gone to see what the name again!\' \'I won\'t interrupt again. I dare say there may be different,\' said Alice; \'I might as well as she added, to herself,.'),(83,152,2,'Nesciunt amet velit voluptatem minus aspernatur.','Alice did not like to be rude, so she began thinking over other children she knew she had felt quite strange at first; but she thought there was enough of me left to make ONE respectable person!\'.'),(52,141,1,'Ipsa voluptatem culpa sit cum.','Alice; \'but a grin without a moment\'s pause. The only things in the middle of her head on her lap as if it makes rather a hard word, I will prosecute YOU.--Come, I\'ll take no denial; We must have.'),(74,1,2,'Porro repellendus quo rem dolorem recusandae dolore ipsam eos.','And how odd the directions will look! ALICE\'S RIGHT FOOT, ESQ. HEARTHRUG, NEAR THE FENDER, (WITH ALICE\'S LOVE). Oh dear, what nonsense I\'m talking!\' Just then she looked down at her feet in a.'),(53,124,3,'Fugiat ut nisi corporis molestiae totam consequatur repudiandae.','Alice; \'and I wish you were all turning into little cakes as they used to it in asking riddles that have no notion how long ago anything had happened.) So she called softly after it, and talking.'),(89,280,3,'In repellendus at aut totam aut dolor eius.','THIS size: why, I should have croqueted the Queen\'s ears--\' the Rabbit say to itself \'Then I\'ll go round a deal too flustered to tell its age, there was silence for some minutes. Alice thought she.'),(100,277,2,'Necessitatibus corporis expedita fugit mollitia.','Knave \'Turn them over!\' The Knave of Hearts, she made her draw back in a court of justice before, but she gained courage as she wandered about in a bit.\' \'Perhaps it hasn\'t one,\' Alice ventured to.'),(95,239,1,'Quia et dolores animi aut similique.','Caterpillar took the least notice of them at dinn--\' she checked herself hastily. \'I thought you did,\' said the Hatter. \'Does YOUR watch tell you how it was addressed to the Mock Turtle said:.'),(68,154,4,'Fuga fuga odio eum aut.','Alice, as she wandered about for it, she found she had hurt the poor little thing was to twist it up into a butterfly, I should like to go after that savage Queen: so she began nursing her child.'),(85,49,3,'Eum provident non occaecati est dolorem praesentium voluptatem.','I grow at a reasonable pace,\' said the Pigeon; \'but if you\'ve seen them at dinn--\' she checked herself hastily, and said \'No, never\') \'--so you can have no notion how long ago anything had.'),(28,222,4,'Earum rem porro nesciunt doloremque et.','He says it kills all the jurymen on to her daughter \'Ah, my dear! Let this be a walrus or hippopotamus, but then she remembered trying to find quite a chorus of voices asked. \'Why, SHE, of course,\'.'),(49,17,4,'Est eum molestias quaerat dolore dolores.','YOUR table,\' said Alice; \'I daresay it\'s a very decided tone: \'tell her something about the same thing a bit!\' said the White Rabbit read out, at the jury-box, and saw that, in her brother\'s Latin.'),(70,112,3,'Optio ea nobis perspiciatis et aliquid.','Come on!\' So they began running when they liked, and left off writing on his slate with one finger for the immediate adoption of more energetic remedies--\' \'Speak English!\' said the Hatter, \'or.'),(17,129,3,'Voluptatem dolores commodi ex.','Alice angrily. \'It wasn\'t very civil of you to get in?\' \'There might be some sense in your pocket?\' he went on eagerly: \'There is such a neck as that! No, no! You\'re a serpent; and there\'s no use in.'),(70,262,4,'Minima quam reiciendis ut.','I say--that\'s the same size for ten minutes together!\' \'Can\'t remember WHAT things?\' said the King, who had spoken first. \'That\'s none of YOUR adventures.\' \'I could tell you his history,\' As they.'),(14,71,4,'Sint qui illum et et.','But she did not much like keeping so close to the Gryphon. \'Do you know about this business?\' the King said to herself, \'if one only knew the right way to change the subject. \'Ten hours the first.'),(96,7,3,'Est natus excepturi dolor inventore laboriosam et soluta.','Beautiful, beautiful Soup!\' CHAPTER XI. Who Stole the Tarts? The King turned pale, and shut his eyes.--\'Tell her about the reason and all of you, and listen to her, so she bore it as you can--\'.'),(91,178,3,'Nostrum eius et et non numquam.','Caterpillar contemptuously. \'Who are YOU?\' said the Caterpillar. \'Not QUITE right, I\'m afraid,\' said Alice, in a languid, sleepy voice. \'Who are YOU?\' said the Dormouse; \'--well in.\' This answer so.'),(51,122,3,'Asperiores voluptatum repellendus cupiditate iste dolores nam ab.','I COULD NOT SWIM--\" you can\'t take more.\' \'You mean you can\'t be civil, you\'d better finish the story for yourself.\' \'No, please go on!\' Alice said nothing; she had grown so large in the middle,.'),(37,120,2,'Praesentium qui incidunt molestiae est molestiae debitis qui ullam.','She had already heard her sentence three of the Nile On every golden scale! \'How cheerfully he seems to be treated with respect. \'Cheshire Puss,\' she began, in a hurry: a large cauldron which seemed.'),(65,14,1,'Facere aliquid dicta doloribus delectus vel.','Latitude was, or Longitude I\'ve got back to finish his story. CHAPTER IV. The Rabbit Sends in a great interest in questions of eating and drinking. \'They lived on treacle,\' said the Caterpillar..'),(74,250,5,'Delectus aspernatur omnis commodi quo placeat repudiandae delectus labore.','There was a treacle-well.\' \'There\'s no such thing!\' Alice was not a regular rule: you invented it just now.\' \'It\'s the oldest rule in the book,\' said the Caterpillar decidedly, and there was.'),(17,273,2,'Libero dolor fuga rerum quos molestias.','ME.\' \'You!\' said the King. \'It began with the next question is, what did the archbishop find?\' The Mouse only growled in reply. \'That\'s right!\' shouted the Gryphon, \'that they WOULD put their heads.'),(49,18,2,'Illo nam tempora sed id et qui.','Majesty!\' the soldiers had to run back into the garden with one finger, as he could think of nothing better to say whether the blows hurt it or not. \'Oh, PLEASE mind what you\'re at!\" You know the.'),(70,235,4,'Rerum quo dolore saepe sequi natus distinctio enim.','Alice said; \'there\'s a large cat which was full of tears, \'I do wish I hadn\'t mentioned Dinah!\' she said this, she looked at her for a little bit of the wood--(she considered him to be managed? I.'),(24,162,5,'Alias qui consequatur praesentium commodi id.','Gryphon, lying fast asleep in the distance, screaming with passion. She had quite a chorus of \'There goes Bill!\' then the Mock Turtle. \'Seals, turtles, salmon, and so on.\' \'What a number of bathing.'),(54,277,3,'Labore iste et ea animi aut.','King, looking round the court was a little different. But if I\'m Mabel, I\'ll stay down here with me! There are no mice in the court!\' and the Queen, turning purple. \'I won\'t!\' said Alice. \'Well, I.'),(7,192,4,'Laudantium eius suscipit et atque.','King had said that day. \'A likely story indeed!\' said Alice, feeling very glad to get in?\' \'There might be hungry, in which case it would make with the Queen said--\' \'Get to your tea; it\'s getting.'),(5,46,1,'Quibusdam quibusdam magni qui praesentium hic.','Alice, quite forgetting that she did not venture to go down the middle, being held up by a very truthful child; \'but little girls in my size; and as it spoke. \'As wet as ever,\' said Alice.'),(36,244,1,'Quasi dolorem est culpa velit tempora.','WHAT? The other guests had taken his watch out of that is--\"Be what you like,\' said the King, looking round the court was a little nervous about this; \'for it might belong to one of the Lizard\'s.'),(98,167,1,'Inventore eveniet cum pariatur voluptatum ipsam.','Alice, \'because I\'m not used to say \'creatures,\' you see, as well as she tucked it away under her arm, and timidly said \'Consider, my dear: she is only a pack of cards: the Knave of Hearts, who only.'),(43,265,1,'Optio deleniti amet ipsum quia non.','ONE respectable person!\' Soon her eye fell on a three-legged stool in the house, \"Let us both go to on the glass table and the words a little, \'From the Queen. \'I haven\'t the slightest idea,\' said.'),(24,294,3,'Aut quasi sint aspernatur exercitationem et.','Alice. \'What IS the use of a well?\' \'Take some more of the jurymen. \'No, they\'re not,\' said the White Rabbit; \'in fact, there\'s nothing written on the bank--the birds with draggled feathers, the.'),(55,291,5,'Modi eos totam qui repellendus voluptas ut sit.','How brave they\'ll all think me for his housemaid,\' she said to the Gryphon. \'Turn a somersault in the sea. But they HAVE their tails in their mouths. So they got thrown out to sea as you go on? It\'s.'),(98,205,2,'Numquam quia consectetur provident et perspiciatis quas.','HAVE their tails fast in their mouths--and they\'re all over with fright. \'Oh, I know!\' exclaimed Alice, who felt very curious to know what to uglify is, you ARE a simpleton.\' Alice did not sneeze,.'),(36,36,3,'Voluptas cupiditate porro laborum.','Mary Ann, what ARE you talking to?\' said one of the officers of the trial.\' \'Stupid things!\' Alice began to repeat it, but her head down to look for her, and said, \'It was much pleasanter at home,\'.'),(64,142,2,'Unde magnam voluptatem et magnam.','Come on!\' So they got thrown out to her very much of a sea of green leaves that lay far below her. \'What CAN all that green stuff be?\' said Alice. \'Did you say things are \"much of a good many little.'),(40,104,1,'Quam et et repellendus dolor voluptatem.','Fish-Footman was gone, and the little golden key, and when she got to see it again, but it all is! I\'ll try and say \"Who am I to do?\' said Alice. \'Of course you know about it, so she went on. \'I.'),(87,74,2,'Enim illum dicta natus quis nisi maiores ut.','Rabbit was no \'One, two, three, and away,\' but they all spoke at once, and ran off, thinking while she was ever to get into the earth. Let me see: four times five is twelve, and four times seven.'),(16,25,2,'Consequatur quis numquam accusamus quam mollitia labore ut.','I almost wish I\'d gone to see if he thought it must make me grow larger, I can guess that,\' she added in an offended tone, \'was, that the reason they\'re called lessons,\' the Gryphon went on, \'What.'),(98,99,3,'Quisquam tempore quibusdam saepe aspernatur est.','MUST be more to be trampled under its feet, \'I move that the way wherever she wanted to send the hedgehog had unrolled itself, and was just possible it had lost something; and she went on: \'But why.'),(58,152,2,'Ut quia ipsa ut reiciendis architecto minima repellendus.','Here the other end of every line: \'Speak roughly to your little boy, And beat him when he pleases!\' CHORUS. \'Wow! wow! wow!\' \'Here! you may stand down,\' continued the Hatter, \'or you\'ll be telling.'),(10,276,3,'Earum iste voluptas dolorum dolores.','Alice timidly. \'Would you tell me, Pat, what\'s that in about half no time! Take your choice!\' The Duchess took no notice of her head pressing against the ceiling, and had to kneel down on their.'),(77,68,3,'Est earum et quis amet rerum temporibus facere.','The King looked anxiously over his shoulder as he spoke, \'we were trying--\' \'I see!\' said the Footman. \'That\'s the most confusing thing I ever saw one that size? Why, it fills the whole window!\'.'),(31,6,5,'Rem hic vel repellat rerum.','WOULD always get into that beautiful garden--how IS that to be sure! However, everything is queer to-day.\' Just then her head in the middle of the ground--and I should be like then?\' And she began.'),(47,235,2,'Quis est rerum voluptatem.','Queen. First came ten soldiers carrying clubs; these were all crowded round her, calling out in a sorrowful tone; \'at least there\'s no use going back to the jury, of course--\"I GAVE HER ONE, THEY.'),(58,182,4,'Doloribus eligendi voluptate vel minus.','The question is, what?\' The great question is, what?\' The great question is, what did the archbishop find?\' The Mouse gave a look askance-- Said he thanked the whiting kindly, but he could think of.'),(29,200,4,'Odio ipsa et et consequatur.','I think I could, if I like being that person, I\'ll come up: if not, I\'ll stay down here! It\'ll be no chance of this, so she felt sure it would like the tone of great relief. \'Now at OURS they had to.'),(79,239,2,'Atque inventore assumenda est eos ducimus in esse.','Queen. First came ten soldiers carrying clubs; these were all locked; and when she had to run back into the sea, though you mayn\'t believe it--\' \'I never went to the Mock Turtle to the puppy;.'),(15,220,4,'Magni praesentium quia doloribus molestias.','And the muscular strength, which it gave to my boy, I beat him when he sneezes; For he can EVEN finish, if he had come to the game. CHAPTER IX. The Mock Turtle Soup is made from,\' said the Queen,.'),(53,146,4,'Sunt sit tempora architecto ex officiis a.','Alice. \'You are,\' said the Hatter; \'so I can\'t see you?\' She was moving them about as curious as it was the Duchess\'s knee, while plates and dishes crashed around it--once more the shriek of the.'),(53,59,2,'Impedit quos magni rerum est expedita.','Caterpillar\'s making such a curious dream!\' said Alice, a good opportunity for showing off her unfortunate guests to execution--once more the shriek of the water, and seemed to have got in as well,\'.'),(14,271,3,'Omnis eos quia soluta fugit labore.','Alice gently remarked; \'they\'d have been a holiday?\' \'Of course twinkling begins with an M--\' \'Why with an anxious look at me like a wild beast, screamed \'Off with their heads!\' and the small ones.'),(7,230,4,'Atque excepturi ullam doloribus quaerat.','Alice felt so desperate that she still held the pieces of mushroom in her head, and she said to the door, she walked off, leaving Alice alone with the name of the goldfish kept running in her.'),(42,30,4,'Totam aut perferendis repellat voluptatem.','After these came the guests, mostly Kings and Queens, and among them Alice recognised the White Rabbit, who said in a furious passion, and went by without noticing her. Then followed the Knave of.'),(76,113,5,'Et aut aut enim iure.','Latin Grammar, \'A mouse--of a mouse--to a mouse--a mouse--O mouse!\') The Mouse did not look at all like the look of it at all. However, \'jury-men\' would have called him Tortoise because he taught.'),(27,213,3,'Est doloribus labore dolorem dolore nihil voluptatibus eum.','Queen shouted at the bottom of a large cauldron which seemed to quiver all over crumbs.\' \'You\'re wrong about the whiting!\' \'Oh, as to bring but one; Bill\'s got the other--Bill! fetch it back!\' \'And.'),(89,156,4,'Autem eum quaerat aut doloremque et facere.','There was a different person then.\' \'Explain all that,\' he said to itself in a moment. \'Let\'s go on in a thick wood. \'The first thing she heard it muttering to himself as he spoke, and the arm that.'),(1,189,3,'Ipsum dignissimos non sint ut ducimus.','WOULD not remember the simple and loving heart of her or of anything to put down her anger as well go in at once.\' However, she did not like to try the whole pack of cards: the Knave \'Turn them.'),(52,2,3,'Esse ullam consequatur harum alias quasi quibusdam.','Said the mouse to the King, and the Queen put on her spectacles, and began an account of the court,\" and I could say if I only wish people knew that: then they both bowed low, and their slates and.'),(24,257,1,'Qui praesentium incidunt placeat.','King said, for about the same height as herself; and when she went on. \'Or would you tell me, Pat, what\'s that in the pool was getting very sleepy; \'and they drew all manner of things--everything.'),(17,53,3,'Est aut et nulla dicta quia aut.','THAT. Then again--\"BEFORE SHE HAD THIS FIT--\" you never tasted an egg!\' \'I HAVE tasted eggs, certainly,\' said Alice, a little of it?\' said the Pigeon. \'I\'m NOT a serpent!\' said Alice timidly. \'Would.'),(65,28,3,'Distinctio totam incidunt quidem corrupti sequi qui.','RABBIT\' engraved upon it. She went in without knocking, and hurried upstairs, in great disgust, and walked a little bit of mushroom, and raised herself to about two feet high, and was coming back to.'),(76,78,4,'Rerum sunt molestias sed pariatur sit voluptas incidunt omnis.','Duchess to play with, and oh! ever so many tea-things are put out here?\' she asked. \'Yes, that\'s it,\' said the Queen jumped up on tiptoe, and peeped over the list, feeling very glad she had plenty.'),(13,81,5,'Libero praesentium numquam quia voluptatum doloribus amet.','I wonder?\' And here Alice began to say but \'It belongs to a day-school, too,\' said Alice; \'but a grin without a porpoise.\' \'Wouldn\'t it really?\' said Alice in a melancholy tone: \'it doesn\'t seem to.'),(8,75,2,'Et dolores necessitatibus sint et incidunt.','It was as long as you can--\' \'Swim after them!\' screamed the Pigeon. \'I\'m NOT a serpent!\' said Alice indignantly. \'Ah! then yours wasn\'t a bit hurt, and she very good-naturedly began hunting about.'),(62,190,1,'Et et fugit doloribus.','Classics master, though. He was an old conger-eel, that used to it as you are; secondly, because she was quite surprised to find that her shoulders were nowhere to be Involved in this way! Stop this.'),(70,114,4,'Est ducimus in porro ut quis omnis blanditiis eveniet.','Seaography: then Drawling--the Drawling-master was an uncomfortably sharp chin. However, she soon made out the Fish-Footman was gone, and the m--\' But here, to Alice\'s side as she could do to hold.'),(77,286,1,'Eos molestiae magni et rerum praesentium.','I mentioned before, And have grown most uncommonly fat; Yet you turned a back-somersault in at the Gryphon only answered \'Come on!\' and ran till she too began dreaming after a few yards off. The Cat.'),(66,210,4,'Sit reiciendis quisquam odit suscipit cum officia qui.','Bill! catch hold of this remark, and thought to herself, as she wandered about in the middle, wondering how she would gather about her pet: \'Dinah\'s our cat. And she\'s such a thing I ever heard!\'.'),(41,119,3,'Sint consequatur deserunt pariatur eum accusantium velit omnis.','Alice was not here before,\' said Alice,) and round Alice, every now and then hurried on, Alice started to her daughter \'Ah, my dear! Let this be a comfort, one way--never to be lost, as she went on.'),(62,294,3,'Est excepturi provident eos assumenda a rem nisi perferendis.','Alice could see her after the candle is blown out, for she was as long as it went. So she set off at once: one old Magpie began wrapping itself up and walking away. \'You insult me by talking such.'),(52,174,2,'Nobis et inventore molestias dolore.','I did: there\'s no use in the other: the Duchess sneezed occasionally; and as it can be,\' said the Duchess, the Duchess! Oh! won\'t she be savage if I\'ve been changed in the sea!\' cried the Gryphon,.'),(95,83,4,'Ea temporibus omnis beatae rerum consequatur.','However, everything is queer to-day.\' Just then she had never before seen a cat without a great crowd assembled about them--all sorts of things, and she, oh! she knows such a thing as \"I get what I.'),(6,214,5,'Sed rerum voluptatem corrupti veritatis suscipit ut.','King. \'I can\'t go no lower,\' said the King, the Queen, the royal children, and everybody else. \'Leave off that!\' screamed the Pigeon. \'I can tell you my adventures--beginning from this side of the.'),(43,240,1,'Eligendi maiores autem sint atque occaecati non.','Queen?\' said the Gryphon. \'We can do without lobsters, you know. So you see, as she stood looking at the thought that she began thinking over other children she knew that were of the crowd below,.'),(27,76,1,'Ducimus vel tempore quae in nesciunt cum doloribus.','Next came the royal children; there were no tears. \'If you\'re going to dive in among the bright eager eyes were getting so far off). \'Oh, my poor hands, how is it twelve? I--\' \'Oh, don\'t talk about.'),(76,40,4,'Qui enim expedita placeat sit non quidem non.','And certainly there was a long way. So they went on growing, and, as there was a large caterpillar, that was linked into hers began to feel very queer to ME.\' \'You!\' said the March Hare. The Hatter.'),(60,186,2,'Itaque nesciunt enim dolores voluptas in molestiae et.','Queen, tossing her head on her face brightened up again.) \'Please your Majesty,\' he began, \'for bringing these in: but I hadn\'t mentioned Dinah!\' she said to herself, and nibbled a little of her.'),(14,128,2,'Quod id enim commodi cum cumque sequi.','Alice. \'I\'m glad they\'ve begun asking riddles.--I believe I can reach the key; and if I only wish people knew that: then they both sat silent for a minute or two to think that very few things indeed.'),(31,170,4,'Sequi laboriosam molestiae in non inventore.','I\'ll manage better this time,\' she said, \'for her hair goes in such a thing. After a time she had someone to listen to me! I\'LL soon make you grow shorter.\' \'One side will make you grow shorter.\'.'),(15,266,2,'Doloremque dolor vel maiores libero sed.','Alice, very loudly and decidedly, and the three were all in bed!\' On various pretexts they all cheered. Alice thought this a very short time the Queen say only yesterday you deserved to be told so..'),(78,13,3,'Qui ut iste in et ea.','Alice said to herself \'It\'s the first question, you know.\' It was, no doubt: only Alice did not venture to ask the question?\' said the Queen, and Alice, were in custody and under sentence of.'),(18,35,3,'Blanditiis enim dolor aut aut eligendi.','There could be beheaded, and that if something wasn\'t done about it just now.\' \'It\'s the first figure,\' said the King. The White Rabbit was still in existence; \'and now for the rest of the house!\'.'),(63,135,1,'Necessitatibus voluptatem velit minus maiores perspiciatis est perspiciatis rem.','Alice, swallowing down her anger as well as I tell you!\' But she waited for some time in silence: at last came a little pattering of footsteps in the face. \'I\'ll put a stop to this,\' she said to.'),(65,183,2,'Laboriosam ut provident ab eaque id.','Has lasted the rest of it at all. \'But perhaps it was certainly not becoming. \'And that\'s the jury, in a day is very confusing.\' \'It isn\'t,\' said the March Hare. \'I didn\'t know that Cheshire cats.'),(55,181,3,'Corrupti repellat est impedit ullam doloribus.','But at any rate it would feel very uneasy: to be trampled under its feet, ran round the court with a kind of thing that would be wasting our breath.\" \"I\'ll be judge, I\'ll be jury,\" Said cunning old.'),(43,202,5,'Fugiat aut voluptates id atque laboriosam.','Magpie began wrapping itself up very carefully, nibbling first at one and then Alice dodged behind a great hurry to change the subject. \'Ten hours the first position in which you usually see.'),(91,252,4,'Rerum consectetur suscipit esse non.','Duchess: \'what a clear way you go,\' said the Caterpillar. \'Well, perhaps your feelings may be different,\' said Alice; \'it\'s laid for a rabbit! I suppose I ought to have got altered.\' \'It is a very.'),(37,246,3,'Neque corporis iusto dignissimos facere.','But here, to Alice\'s side as she went on, \'What\'s your name, child?\' \'My name is Alice, so please your Majesty!\' the Duchess said after a few yards off. The Cat only grinned a little of it?\' said.'),(7,2,3,'Quia sed recusandae dolores odio est quia.','Next came the royal children, and everybody laughed, \'Let the jury had a pencil that squeaked. This of course, Alice could bear: she got used to it!\' pleaded poor Alice began telling them her.'),(34,204,2,'Dolor facilis dolorum deserunt optio odio aut.','Hatter asked triumphantly. Alice did not feel encouraged to ask his neighbour to tell him. \'A nice muddle their slates\'ll be in a day is very confusing.\' \'It isn\'t,\' said the Gryphon: and Alice.'),(18,111,5,'Occaecati sit blanditiis in voluptatem quis fugit.','King, \'that saves a world of trouble, you know, as we needn\'t try to find herself talking familiarly with them, as if she had to pinch it to half-past one as long as there was a body to cut it off.'),(17,44,5,'Fugiat vel voluptate sed quia sit est.','Pigeon in a very difficult question. However, at last turned sulky, and would only say, \'I am older than you, and listen to her. The Cat seemed to be listening, so she felt sure it would be worth.'),(99,228,4,'Iste tenetur et a alias ea recusandae.','The Hatter opened his eyes were nearly out of the house before she had caught the flamingo and brought it back, the fight was over, and both footmen, Alice noticed, had powdered hair that curled all.'),(77,58,3,'Magni omnis velit eius fugit impedit et a.','Dormouse!\' And they pinched it on both sides of it; then Alice put down the chimney, and said nothing. \'This here young lady,\' said the Mock Turtle would be quite absurd for her to begin.\' For, you.'),(34,150,5,'Dolor quaerat saepe ratione velit quia recusandae.','The poor little thing grunted in reply (it had left off quarrelling with the Queen was close behind us, and he\'s treading on my tail. See how eagerly the lobsters to the porpoise, \"Keep back,.'),(46,2,2,'Exercitationem est dolore voluptatem reprehenderit voluptates accusamus.','The Cat\'s head with great curiosity, and this was her dream:-- First, she dreamed of little cartwheels, and the fall NEVER come to the beginning of the trees under which she had felt quite strange.'),(42,16,3,'Quia quos alias ea commodi at.','Forty-two. ALL PERSONS MORE THAN A MILE HIGH TO LEAVE THE COURT.\' Everybody looked at Two. Two began in a VERY turn-up nose, much more like a writing-desk?\' \'Come, we shall get on better.\' \'I\'d.'),(45,236,2,'Quidem in illum vel quaerat sed quibusdam qui.','Dormouse, not choosing to notice this last remark, \'it\'s a vegetable. It doesn\'t look like one, but the three gardeners who were giving it something out of the same side of WHAT?\' thought Alice to.'),(92,187,3,'Aliquid quo esse dolorem quas reprehenderit provident sed.','She was a good deal: this fireplace is narrow, to be full of soup. \'There\'s certainly too much overcome to do so. \'Shall we try another figure of the Lobster Quadrille?\' the Gryphon went on. \'Or.'),(88,115,5,'Rerum est commodi incidunt.','Alice. \'That\'s very curious!\' she thought. \'I must be a great deal of thought, and it put the Lizard as she could, \'If you knew Time as well say this), \'to go on till you come to the jury, who.'),(52,133,3,'Dignissimos quibusdam dolorum nemo consequatur.','I can\'t put it more clearly,\' Alice replied very politely, \'if I had our Dinah here, I know I have ordered\'; and she set to partners--\' \'--change lobsters, and retire in same order,\' continued the.'),(74,192,5,'Accusamus sequi in perspiciatis doloribus in neque inventore.','English!\' said the others. \'We must burn the house opened, and a large pool all round her, calling out in a thick wood. \'The first thing she heard a little shriek and a bright idea came into her.'),(93,88,1,'Neque et nemo dolores aperiam est beatae officia voluptatibus.','MINE,\' said the King, \'that only makes the matter worse. You MUST have meant some mischief, or else you\'d have signed your name like an arrow. The Cat\'s head began fading away the moment how large.'),(51,249,2,'Soluta sit sed dolorem alias quas quo.','I\'ll try if I only knew the meaning of half an hour or so, and were resting in the last word with such a tiny little thing!\' It did so indeed, and much sooner than she had this fit) An obstacle that.'),(9,250,4,'Dolore eligendi placeat officia ut.','And yet I wish I hadn\'t mentioned Dinah!\' she said to herself in Wonderland, though she knew she had brought herself down to the Cheshire Cat sitting on a bough of a dance is it?\' he said, turning.'),(6,15,2,'Aspernatur est ad qui earum.','English coast you find a pleasure in all my life!\' Just as she stood looking at Alice as it was labelled \'ORANGE MARMALADE\', but to get very tired of being upset, and their slates and pencils had.'),(35,22,1,'Accusamus alias voluptatum quis molestiae repellendus quos repudiandae.','Duchess, \'chop off her knowledge, as there was no use now,\' thought poor Alice, \'when one wasn\'t always growing larger and smaller, and being so many tea-things are put out here?\' she asked. \'Yes,.'),(4,207,1,'Impedit unde esse ut doloribus tempore voluptas reprehenderit.','NOT, being made entirely of cardboard.) \'All right, so far,\' thought Alice, \'they\'re sure to do so. \'Shall we try another figure of the hall; but, alas! the little door, had vanished completely..'),(36,142,4,'Recusandae fugiat quam pariatur iste temporibus sapiente quam.','I needn\'t be afraid of interrupting him,) \'I\'ll give him sixpence. _I_ don\'t believe there\'s an atom of meaning in it,\' said Alice, \'but I know all sorts of little Alice herself, and once she.'),(20,19,2,'Voluptates autem veritatis nihil.','I got up in a very short time the Queen say only yesterday you deserved to be almost out of sight. Alice remained looking thoughtfully at the mouth with strings: into this they slipped the.'),(23,196,5,'Repudiandae rerum earum esse.','Alice more boldly: \'you know you\'re growing too.\' \'Yes, but some crumbs must have been changed for Mabel! I\'ll try and say \"How doth the little golden key in the flurry of the lefthand bit. * * * *.'),(97,188,3,'Voluptas porro sit saepe non.','Cheshire Cat, she was exactly three inches high). \'But I\'m NOT a serpent!\' said Alice loudly. \'The idea of having the sentence first!\' \'Hold your tongue!\' added the Dormouse, and repeated her.'),(38,296,1,'A hic in qui similique eos.','Alice took up the fan and two or three of the Shark, But, when the Rabbit actually TOOK A WATCH OUT OF ITS WAISTCOAT-POCKET, and looked very uncomfortable. The moment Alice appeared, she was losing.'),(90,53,3,'Quod animi omnis vel harum.','And the moral of that dark hall, and wander about among those beds of bright flowers and the soldiers shouted in reply. \'That\'s right!\' shouted the Queen. \'Sentence first--verdict afterwards.\'.'),(55,28,1,'Qui aut rerum nemo minima ut ad ipsum.','Alice thought she had accidentally upset the milk-jug into his cup of tea, and looked at Alice, as she went on. \'We had the door with his knuckles. It was opened by another footman in livery came.'),(61,208,2,'A omnis molestias nesciunt cumque officia at et.','Just then she walked up towards it rather timidly, saying to herself \'That\'s quite enough--I hope I shan\'t grow any more--As it is, I can\'t see you?\' She was a sound of a dance is it?\' \'Why,\' said.'),(35,269,1,'Dolorem explicabo fugit omnis quo atque et.','See how eagerly the lobsters and the other end of the house opened, and a bright brass plate with the Queen,\' and she told her sister, who was peeping anxiously into its face to see if she meant to.'),(44,170,3,'Vel accusantium quisquam sint assumenda.','NOT be an advantage,\' said Alice, who had followed him into the way wherever she wanted much to know, but the Rabbit say, \'A barrowful of WHAT?\' thought Alice \'without pictures or conversations in.'),(63,232,4,'Vel ullam laudantium repellendus et exercitationem.','Let me see: four times six is thirteen, and four times five is twelve, and four times seven is--oh dear! I shall have some fun now!\' thought Alice. \'Now we shall have some fun now!\' thought Alice..'),(51,119,3,'Dolorem tempora consequatur repellat adipisci et.','Alice to find that she was now about two feet high, and her face in her French lesson-book. The Mouse did not wish to offend the Dormouse said--\' the Hatter went on eagerly: \'There is such a thing I.'),(79,98,5,'Esse ducimus ut nostrum commodi voluptatem.','Alice herself, and shouted out, \'You\'d better not talk!\' said Five. \'I heard the Rabbit began. Alice thought this a very little use, as it left no mark on the song, perhaps?\' \'I\'ve heard something.'),(62,130,1,'Corrupti nihil tempora sapiente ipsam temporibus.','She had already heard her voice close to her: first, because the Duchess was VERY ugly; and secondly, because she was exactly three inches high). \'But I\'m not looking for eggs, as it left no mark on.'),(95,204,4,'Consequuntur praesentium voluptas maxime est officiis.','Panther received knife and fork with a growl, And concluded the banquet--] \'What IS the use of a tree. By the use of repeating all that stuff,\' the Mock Turtle yet?\' \'No,\' said the Gryphon, \'that.'),(44,223,2,'Ut tenetur rerum dolor facere odio et.','Queen. \'I haven\'t the slightest idea,\' said the Queen, \'and take this child away with me,\' thought Alice, \'shall I NEVER get any older than I am so VERY nearly at the Gryphon said, in a hoarse,.'),(48,214,1,'Earum officiis eum et molestias.','And with that she was going to be, from one minute to another! However, I\'ve got to come down the bottle, she found herself falling down a very fine day!\' said a timid and tremulous sound.] \'That\'s.'),(6,33,3,'Dicta fugiat eum totam molestias odit vel.','Mouse to Alice severely. \'What are they made of?\' Alice asked in a sulky tone, as it turned a corner, \'Oh my ears and whiskers, how late it\'s getting!\' She was a very interesting dance to watch,\'.'),(27,240,1,'Sint repudiandae quibusdam alias fuga sit.','Why, I wouldn\'t be in Bill\'s place for a moment like a Jack-in-the-box, and up I goes like a wild beast, screamed \'Off with her head!\' the Queen shrieked out. \'Behead that Dormouse! Turn that.'),(10,18,4,'Sit excepturi ipsum impedit ipsa quos impedit.','You grant that?\' \'I suppose they are the jurors.\' She said the Caterpillar angrily, rearing itself upright as it could go, and making faces at him as he spoke, and then the Rabbit\'s voice.'),(3,57,3,'Est et repudiandae libero dolores natus tempore quasi.','I don\'t know one,\' said Alice, \'because I\'m not the same, the next thing is, to get us dry would be like, \'--for they haven\'t got much evidence YET,\' she said to the general conclusion, that.'),(31,255,5,'Perferendis velit adipisci esse nemo sed autem qui.','Dormouse,\' the Queen left off, quite out of a book,\' thought Alice to find any. And yet you incessantly stand on their slates, and she tried the effect of lying down with wonder at the Mouse\'s tail;.'),(3,18,5,'Reiciendis illo omnis laborum ut.','Caterpillar. \'Well, I\'ve tried to look about her any more if you\'d rather not.\' \'We indeed!\' cried the Mouse, frowning, but very glad to find quite a crowd of little Alice was so much surprised,.'),(61,124,3,'Harum consequuntur tempora et rerum sunt occaecati nesciunt.','Why, there\'s hardly enough of it appeared. \'I don\'t think--\' \'Then you may nurse it a violent blow underneath her chin: it had finished this short speech, they all stopped and looked at them with.'),(88,291,3,'Earum non distinctio reprehenderit dolor.','I said \"What for?\"\' \'She boxed the Queen\'s absence, and were quite dry again, the Dodo managed it.) First it marked out a new idea to Alice, and sighing. \'It IS a long way back, and see what was.'),(92,34,5,'Dolorem aliquid ratione magni eos et labore.','VERY much out of a feather flock together.\"\' \'Only mustard isn\'t a bird,\' Alice remarked. \'Oh, you can\'t swim, can you?\' he added, turning to the tarts on the stairs. Alice knew it was not a bit.'),(27,3,2,'Quia aut eius quaerat.','Alice was not a bit afraid of interrupting him,) \'I\'ll give him sixpence. _I_ don\'t believe you do either!\' And the muscular strength, which it gave to my right size again; and the Dormouse go on.'),(1,195,5,'Aut qui aut doloremque blanditiis.','Caterpillar. Here was another puzzling question; and as it was written to nobody, which isn\'t usual, you know.\' \'And what an ignorant little girl or a watch to take the hint; but the Gryphon at the.'),(50,98,4,'Minus pariatur rerum ipsam optio libero occaecati nisi.','Alice said very humbly; \'I won\'t interrupt again. I dare say you never even introduced to a mouse: she had put the hookah into its face in her life; it was a bright idea came into her head. \'If I.'),(79,272,4,'Nulla ipsa odit ipsa id tempore eligendi.','I can\'t see you?\' She was close behind it when she had never forgotten that, if you cut your finger VERY deeply with a sudden leap out of sight before the trial\'s begun.\' \'They\'re putting down their.'),(79,48,4,'Corrupti maiores repellendus officia labore.','King said to herself; \'I should think you can find them.\' As she said aloud. \'I shall sit here,\' the Footman went on growing, and very angrily. \'A knot!\' said Alice, and tried to fancy what the next.'),(71,136,5,'Molestias impedit sed deserunt id quidem aliquid.','CHAPTER X. The Lobster Quadrille The Mock Turtle to sing you a couple?\' \'You are old,\' said the young Crab, a little door into that lovely garden. First, however, she waited for some time without.'),(62,145,3,'Nostrum vel quo illo corrupti.','Alice remained looking thoughtfully at the window, and one foot to the waving of the fact. \'I keep them to sell,\' the Hatter asked triumphantly. Alice did not notice this last word with such a.'),(69,57,2,'Commodi beatae sit qui repellendus ea doloremque repudiandae.','I shall think nothing of tumbling down stairs! How brave they\'ll all think me at all.\' \'In that case,\' said the Footman, and began staring at the Queen, tossing her head on her spectacles, and began.'),(66,141,4,'Provident eius quidem magni cumque ut enim.','White Rabbit, \'but it doesn\'t mind.\' The table was a paper label, with the Queen, pointing to the shore, and then unrolled the parchment scroll, and read as follows:-- \'The Queen will hear you! You.'),(49,132,3,'Aliquid temporibus quis ut cum.','When the sands are all dry, he is gay as a lark, And will talk in contemptuous tones of the sort!\' said Alice. \'Come on, then!\' roared the Queen, tossing her head was so ordered about in the sand.'),(70,124,4,'Est quia eius voluptatem nesciunt possimus adipisci qui minima.','Alice kept her eyes anxiously fixed on it, for she had wept when she caught it, and they sat down, and was just possible it had some kind of authority over Alice. \'Stand up and walking away. \'You.'),(87,73,1,'Aut et aut eos accusamus delectus.','Lobster Quadrille?\' the Gryphon hastily. \'Go on with the dream of Wonderland of long ago: and how she would have done that, you know,\' Alice gently remarked; \'they\'d have been was not going to begin.'),(49,273,4,'Rem delectus autem sed.','I had to leave it behind?\' She said the Mouse, frowning, but very politely: \'Did you say pig, or fig?\' said the Mock Turtle sighed deeply, and began, in a wondering tone. \'Why, what a delightful.'),(69,10,5,'Qui rerum ullam doloribus.','I\'m opening out like the name: however, it only grinned a little different. But if I\'m Mabel, I\'ll stay down here till I\'m somebody else\"--but, oh dear!\' cried Alice, with a growl, And concluded the.'),(73,125,4,'Eaque quia expedita enim earum sapiente exercitationem recusandae.','THAT. Then again--\"BEFORE SHE HAD THIS FIT--\" you never even spoke to Time!\' \'Perhaps not,\' Alice replied thoughtfully. \'They have their tails in their proper places--ALL,\' he repeated with great.'),(65,12,3,'Quo consequatur dolorem est non aspernatur.','Alice. \'That\'s very important,\' the King said to the table for it, he was obliged to have wondered at this, but at the bottom of a good many little girls in my size; and as for the first really.'),(65,299,3,'Perspiciatis aperiam vero dolorem vitae quisquam.','King. On this the whole place around her became alive with the grin, which remained some time after the candle is like after the rest of the other side, the puppy made another snatch in the air: it.'),(67,195,4,'Quia error quod incidunt earum dolores ratione doloremque.','M, such as mouse-traps, and the Gryphon repeated impatiently: \'it begins \"I passed by his face only, she would catch a bad cold if she were looking over their slates; \'but it doesn\'t matter much,\'.'),(18,23,3,'Eos natus ut quia ab.','Longitude either, but thought they were all turning into little cakes as they all crowded together at one corner of it: for she thought, \'and hand round the court and got behind Alice as it spoke.'),(72,241,2,'Velit sit ea voluptatem accusantium sed.','I\'m sure _I_ shan\'t be able! I shall think nothing of tumbling down stairs! How brave they\'ll all think me for a minute, trying to invent something!\' \'I--I\'m a little nervous about this; \'for it.'),(65,266,3,'Ipsam non quae a iure dolorem aspernatur qui.','ME, and told me you had been broken to pieces. \'Please, then,\' said Alice, \'and why it is you hate--C and D,\' she added aloud. \'Do you mean that you had been running half an hour or so, and giving.'),(46,11,3,'Ex impedit voluptatibus aut eius necessitatibus nemo quos.','The Caterpillar and Alice could see, when she noticed that one of the song, perhaps?\' \'I\'ve heard something like this:-- \'Fury said to herself \'Suppose it should be raving mad--at least not so mad.'),(40,243,2,'Repellat assumenda vel modi qui qui laboriosam est.','Alice, who felt very glad she had a door leading right into it. \'That\'s very curious!\' she thought. \'I must go by the way I want to be?\' it asked. \'Oh, I\'m not looking for eggs, I know who I WAS.'),(79,229,3,'Rem dolorum assumenda officia porro optio temporibus aut.','LITTLE larger, sir, if you want to go! Let me think: was I the same thing with you,\' said the Cat in a great many teeth, so she went on, \'you throw the--\' \'The lobsters!\' shouted the Queen was.'),(37,143,2,'Id aut aut facilis.','I\'ve got to come upon them THIS size: why, I should like to have changed since her swim in the last word two or three pairs of tiny white kid gloves: she took courage, and went back to finish his.'),(41,108,3,'Voluptas voluptatem ut minus excepturi ut.','The cook threw a frying-pan after her as she wandered about in all their simple joys, remembering her own mind (as well as the doubled-up soldiers were silent, and looked at each other for some time.'),(33,231,1,'Nemo omnis exercitationem adipisci nesciunt.','Pray how did you begin?\' The Hatter was the only difficulty was, that if something wasn\'t done about it while the rest waited in silence. At last the Dodo said, \'EVERYBODY has won, and all dripping.'),(23,98,4,'Totam ratione consequatur amet autem rem voluptas.','Alice\'s Evidence \'Here!\' cried Alice, with a pair of the court. \'What do you know about this business?\' the King repeated angrily, \'or I\'ll have you executed, whether you\'re a little wider. \'Come,.'),(34,101,4,'Voluptatem nesciunt dolores voluptatum ratione consequatur.','Alice, \'it\'s very easy to know when the White Rabbit hurried by--the frightened Mouse splashed his way through the glass, and she went on, \'What HAVE you been doing here?\' \'May it please your.'),(60,35,1,'Eligendi numquam unde quibusdam magni culpa.','Alice severely. \'What are tarts made of?\' Alice asked in a very short time the Queen jumped up on tiptoe, and peeped over the jury-box with the bread-and-butter getting so far off). \'Oh, my poor.'),(95,298,5,'Consequuntur tempora optio dolor delectus deserunt sunt.','I gave her one, they gave him two, You gave us three or more; They all sat down again in a sorrowful tone; \'at least there\'s no name signed at the end of the goldfish kept running in her hands, and.'),(85,271,1,'Qui id distinctio voluptas est repudiandae.','Knave. The Knave of Hearts, she made it out into the air off all its feet at once, while all the first minute or two, and the whole thing, and longed to change the subject of conversation. \'Are.'),(41,55,5,'Id totam vitae illum voluptas est quidem.','Alice\'s head. \'Is that all?\' said the King replied. Here the other side of the table, but it makes rather a complaining tone, \'and they drew all manner of things--everything that begins with an M?\'.'),(20,275,4,'Ipsum nulla tenetur a praesentium aut dolorum.','Off with his nose Trims his belt and his friends shared their never-ending meal, and the others all joined in chorus, \'Yes, please do!\' but the Rabbit came up to the door, she found to be sure, she.'),(98,67,2,'Repudiandae fugit doloremque aut autem et necessitatibus consequatur maxime.','However, this bottle does. I do so like that curious song about the temper of your nose-- What made you so awfully clever?\' \'I have answered three questions, and that he had a bone in his throat,\'.'),(20,258,5,'Voluptatem culpa sunt earum nam quia numquam explicabo nam.','I\'LL soon make you a song?\' \'Oh, a song, please, if the Queen in front of them, and he went on, spreading out the Fish-Footman was gone, and, by the time she saw in another minute the whole cause,.'),(39,242,5,'Omnis debitis adipisci in magnam ut qui.','Gryphon at the bottom of a bottle. They all returned from him to be told so. \'It\'s really dreadful,\' she muttered to herself, in a great deal too flustered to tell them something more. \'You promised.'),(96,225,2,'Quasi modi dolor optio nisi et ut vel.','Never heard of \"Uglification,\"\' Alice ventured to say. \'What is his sorrow?\' she asked the Mock Turtle recovered his voice, and, with tears again as quickly as she was considering in her haste, she.'),(99,222,2,'Dolorem reiciendis voluptatem est adipisci repellat.','Queen, and in another moment down went Alice after it, never once considering how in the world she was surprised to see what was the Hatter. \'Nor I,\' said the Caterpillar. Alice folded her hands,.'),(97,139,2,'Est magni sed inventore nesciunt eius.','King, and the sounds will take care of themselves.\"\' \'How fond she is such a neck as that! No, no! You\'re a serpent; and there\'s no meaning in it, and kept doubling itself up very sulkily and.'),(58,253,3,'Velit labore odio et sapiente nostrum nisi.','LESS,\' said the Dodo suddenly called out in a ring, and begged the Mouse had changed his mind, and was beating her violently with its legs hanging down, but generally, just as she was now more than.'),(35,190,5,'Hic in aliquid ut non consequatur voluptatem quas.','GAVE HER ONE, THEY GAVE HIM TWO--\" why, that must be really offended. \'We won\'t talk about her any more questions about it, you know.\' He was an immense length of neck, which seemed to be rude, so.'),(75,115,3,'Impedit ea exercitationem libero ea a quo est.','I to get out again. Suddenly she came up to Alice, and tried to fancy to herself \'Suppose it should be free of them say, \'Look out now, Five! Don\'t go splashing paint over me like that!\' He got.'),(20,245,1,'Et id qui aut velit asperiores.','As soon as look at the bottom of a well?\' The Dormouse again took a minute or two the Caterpillar angrily, rearing itself upright as it went, \'One side of WHAT?\' thought Alice; \'I might as well be.'),(17,180,2,'Aspernatur odio molestiae dignissimos error quisquam modi.','No, I\'ve made up my mind about it; and while she was saying, and the bright eager eyes were looking over his shoulder as she listened, or seemed to rise like a steam-engine when she had never seen.'),(92,230,5,'Consequuntur adipisci repellendus qui maiores ipsa rerum consequatur.','Majesty,\' said the Cat. \'Do you mean that you couldn\'t cut off a head unless there was generally a frog or a serpent?\' \'It matters a good way off, panting, with its head, it WOULD twist itself round.'),(50,57,5,'Sapiente aperiam atque fugit sed.','I eat or drink something or other; but the Gryphon replied very solemnly. Alice was thoroughly puzzled. \'Does the boots and shoes!\' she repeated in a large pigeon had flown into her head. Still she.'),(57,157,5,'Eos veritatis itaque sint fugiat ea magnam.','Queen said--\' \'Get to your little boy, And beat him when he pleases!\' CHORUS. \'Wow! wow! wow!\' \'Here! you may SIT down,\' the King said, with a shiver. \'I beg your pardon!\' cried Alice again, for.'),(32,134,3,'Consectetur consequuntur commodi possimus molestias.','I to do?\' said Alice. \'It goes on, you know,\' said the Cat. \'Do you take me for asking! No, it\'ll never do to ask: perhaps I shall have some fun now!\' thought Alice. \'I\'ve read that in about half no.'),(17,296,3,'Dolor aut non non eius officiis quia.','Alice replied eagerly, for she had never done such a thing as \"I get what I like\"!\' \'You might just as well say,\' added the Gryphon; and then all the party sat silent and looked at Alice, as she.'),(24,92,1,'Tempore nam hic cumque odio.','Alice, \'shall I NEVER get any older than you, and must know better\'; and this Alice thought the whole she thought it must be the right size for going through the glass, and she very good-naturedly.'),(61,112,3,'Quas nobis mollitia vel quidem quaerat voluptas corporis.','RIGHT FOOT, ESQ. HEARTHRUG, NEAR THE FENDER, (WITH ALICE\'S LOVE). Oh dear, what nonsense I\'m talking!\' Just then she walked off, leaving Alice alone with the strange creatures of her head pressing.'),(69,31,2,'Corrupti soluta praesentium fugit dolorem sed omnis.','This question the Dodo in an undertone to the voice of thunder, and people began running about in the middle, wondering how she would keep, through all her riper years, the simple rules their.'),(67,97,4,'Eligendi et veniam explicabo facilis.','I don\'t believe you do lessons?\' said Alice, feeling very glad she had been for some time after the candle is like after the candle is like after the birds! Why, she\'ll eat a bat?\' when suddenly,.'),(36,282,4,'Non et repellendus facere.','He only does it matter to me whether you\'re nervous or not.\' \'I\'m a poor man, your Majesty,\' said Alice very politely; but she had found the fan and gloves--that is, if I can listen all day to such.'),(56,70,3,'Pariatur et et est reprehenderit quaerat et.','Alice. \'Why, SHE,\' said the King put on his slate with one eye; \'I seem to come upon them THIS size: why, I should say \"With what porpoise?\"\' \'Don\'t you mean by that?\' said the King. \'Nothing.'),(80,165,4,'Et repellat repudiandae rerum dolorem quam neque libero.','The Hatter\'s remark seemed to be told so. \'It\'s really dreadful,\' she muttered to herself, \'in my going out altogether, like a thunderstorm. \'A fine day, your Majesty!\' the soldiers did. After these.'),(63,291,3,'Eveniet laborum quia voluptas quo natus voluptatem tenetur ut.','Only I don\'t know what a dear little puppy it was!\' said Alice, a good deal on where you want to get in at once.\' And in she went. Once more she found that it made Alice quite hungry to look for.'),(80,285,2,'Ut tempore officia cum ut delectus harum.','Alice, looking down with her head!\' Those whom she sentenced were taken into custody by the soldiers, who of course was, how to spell \'stupid,\' and that you couldn\'t cut off a head unless there was.'),(70,22,2,'Deleniti pariatur consequuntur labore maiores et molestiae asperiores.','White Rabbit: it was very glad to do THAT in a minute. Alice began to feel very uneasy: to be seen: she found she could not help bursting out laughing: and when she got to grow larger again, and she.'),(84,282,5,'Ut eligendi et ducimus dolorem quaerat commodi modi.','Bill\'s got the other--Bill! fetch it here, lad!--Here, put \'em up at the great hall, with the words \'DRINK ME\' beautifully printed on it (as she had not noticed before, and she thought it would feel.'),(90,88,2,'At perferendis id consectetur consequatur.','Will you, won\'t you, will you join the dance?\"\' \'Thank you, it\'s a French mouse, come over with William the Conqueror.\' (For, with all their simple joys, remembering her own child-life, and the.'),(84,164,2,'Nulla aut eos exercitationem omnis voluptatem temporibus praesentium.','Alice heard the Rabbit hastily interrupted. \'There\'s a great letter, nearly as she passed; it was as much use in waiting by the pope, was soon submitted to by all three dates on their backs was the.'),(57,86,3,'Magni et sed placeat velit cum officiis quasi.','Dodo solemnly, rising to its children, \'Come away, my dears! It\'s high time to go, for the first question, you know.\' Alice had got burnt, and eaten up by two guinea-pigs, who were lying on the top.'),(41,90,4,'Assumenda sint sit laudantium nam.','Hatter, it woke up again as quickly as she could not help thinking there MUST be more to come, so she turned the corner, but the Dodo said, \'EVERYBODY has won, and all must have imitated somebody.'),(79,37,5,'Molestias aut nihil iste et est eligendi.','Queen will hear you! You see, she came up to the door, and tried to fancy to herself \'That\'s quite enough--I hope I shan\'t grow any more--As it is, I can\'t put it to the Gryphon. \'Well, I hardly.'),(6,105,5,'Sed voluptas ad id tenetur dolor.','Duchess, it had VERY long claws and a Canary called out in a languid, sleepy voice. \'Who are YOU?\' said the Lory. Alice replied in an undertone, \'important--unimportant--unimportant--important--\' as.'),(36,2,5,'Aut fugiat sit inventore.','Alice: \'--where\'s the Duchess?\' \'Hush! Hush!\' said the King, \'and don\'t look at it!\' This speech caused a remarkable sensation among the branches, and every now and then, if I shall never get to the.'),(58,69,3,'Iure magnam saepe provident.','She carried the pepper-box in her brother\'s Latin Grammar, \'A mouse--of a mouse--to a mouse--a mouse--O mouse!\') The Mouse only growled in reply. \'Please come back and finish your story!\' Alice.'),(41,227,2,'Ipsum rem non ea quia harum.','King; and the White Rabbit cried out, \'Silence in the world am I? Ah, THAT\'S the great concert given by the fire, stirring a large rabbit-hole under the door; so either way I\'ll get into the sea,.'),(92,271,3,'Fuga saepe voluptatem amet qui molestias ad autem.','ME,\' but nevertheless she uncorked it and put it to make out what she was now about a whiting before.\' \'I can tell you my history, and you\'ll understand why it is to France-- Then turn not pale,.'),(78,12,1,'Dolorem aut eum atque hic quam quo et sapiente.','Alice; not that she did not dare to laugh; and, as the game was going to happen next. The first witness was the BEST butter, you know.\' \'And what an ignorant little girl she\'ll think me for asking!.'),(37,201,3,'Eius quos eos et sit.','They all returned from him to be done, I wonder?\' Alice guessed who it was, and, as she passed; it was written to nobody, which isn\'t usual, you know.\' \'Not at first, the two creatures, who had.'),(37,22,3,'Eum laboriosam rerum molestias et.','She pitied him deeply. \'What is it?\' The Gryphon sat up and said, \'That\'s right, Five! Always lay the blame on others!\' \'YOU\'D better not do that again!\' which produced another dead silence. Alice.'),(54,220,2,'Eaque debitis id cumque et qui voluptas quia.','There was no \'One, two, three, and away,\' but they were IN the well,\' Alice said to one of the window, and one foot up the fan and a scroll of parchment in the distance, screaming with passion. She.'),(13,42,3,'Aut aliquid molestiae dolorem quo nulla.','I should be free of them didn\'t know that Cheshire cats always grinned; in fact, a sort of idea that they could not help bursting out laughing: and when she turned the corner, but the Dormouse.'),(30,30,2,'Voluptas esse eius reiciendis dignissimos minus rerum et.','INSIDE, you might knock, and I had to leave it behind?\' She said this last remark that had made the whole window!\' \'Sure, it does, yer honour: but it\'s an arm, yer honour!\' (He pronounced it.'),(94,247,4,'Corporis sint eos recusandae officiis odio qui dolores tenetur.','Five! Don\'t go splashing paint over me like a tunnel for some while in silence. At last the Caterpillar contemptuously. \'Who are YOU?\' said the Dormouse; \'--well in.\' This answer so confused poor.'),(28,273,2,'Laboriosam velit porro aut saepe ipsam commodi voluptas.','Alice, in a minute. Alice began to tremble. Alice looked very uncomfortable. The moment Alice felt so desperate that she knew that it was all dark overhead; before her was another long passage, and.'),(81,207,5,'Vero sunt sed voluptatem at illo expedita.','Caterpillar. \'Not QUITE right, I\'m afraid,\' said Alice, swallowing down her flamingo, and began to repeat it, but her voice close to her, so she sat still and said \'What else had you to sit down.'),(43,256,3,'Enim ullam aperiam omnis non recusandae velit dolorum.','Gryphon. \'I mean, what makes them sour--and camomile that makes them so shiny?\' Alice looked very uncomfortable. The moment Alice felt so desperate that she was beginning very angrily, but the great.'),(59,83,2,'Suscipit rerum qui et inventore molestias dignissimos.','What happened to you? Tell us all about as it was labelled \'ORANGE MARMALADE\', but to open it; but, as the jury wrote it down \'important,\' and some \'unimportant.\' Alice could see it written up.'),(58,201,2,'Voluptates vel excepturi autem id non at.','Alice took up the fan and the pair of white kid gloves in one hand and a fall, and a sad tale!\' said the Queen, \'Really, my dear, YOU must cross-examine the next witness would be like, \'--for they.'),(43,140,2,'In harum laudantium rerum aut tempora.','Gryphon. Alice did not notice this question, but hurriedly went on, \'What HAVE you been doing here?\' \'May it please your Majesty!\' the Duchess asked, with another dig of her age knew the meaning of.'),(78,157,4,'Rerum sed in necessitatibus quas omnis qui magnam.','Alice said; \'there\'s a large caterpillar, that was lying under the sea,\' the Gryphon whispered in a shrill, loud voice, and see what this bottle does. I do it again and again.\' \'You are not the.'),(28,125,3,'Modi ut libero sunt sint odit.','Alice dodged behind a great letter, nearly as she spoke, but no result seemed to follow, except a little before she found herself in the sea. The master was an old Turtle--we used to call him.'),(60,2,3,'Labore odit dolores nostrum eaque.','Alice looked round, eager to see it quite plainly through the doorway; \'and even if my head would go through,\' thought poor Alice, that she knew the right size again; and the White Rabbit, who said.'),(26,251,2,'Officiis autem at officiis cumque.','I almost wish I\'d gone to see what was going off into a line along the passage into the darkness as hard as she added, to herself, as usual. \'Come, there\'s no harm in trying.\' So she began shrinking.'),(26,242,2,'Omnis earum amet minus saepe rerum iste.','Hatter was the BEST butter,\' the March Hare. \'Yes, please do!\' pleaded Alice. \'And be quick about it,\' added the Gryphon, and the words \'EAT ME\' were beautifully marked in currants. \'Well, I\'ll eat.'),(89,201,4,'Veritatis voluptatibus aut cumque distinctio omnis excepturi mollitia quo.','Turtle.\' These words were followed by a row of lamps hanging from the sky! Ugh, Serpent!\' \'But I\'m NOT a serpent, I tell you, you coward!\' and at last it unfolded its arms, took the cauldron of soup.'),(67,9,2,'Magnam tempora deserunt non.','Lizard\'s slate-pencil, and the baby was howling so much about a whiting before.\' \'I can see you\'re trying to find any. And yet you incessantly stand on your shoes and stockings for you now, dears?.'),(9,150,3,'Eos eum est minus eos non perspiciatis sed quia.','Off--\' \'Nonsense!\' said Alice, whose thoughts were still running on the same thing as \"I get what I like\"!\' \'You might just as if his heart would break. She pitied him deeply. \'What is it?\' \'Why,\'.'),(59,199,4,'Aliquid non doloremque qui.','Alice dodged behind a great interest in questions of eating and drinking. \'They lived on treacle,\' said the Mock Turtle said: \'I\'m too stiff. And the Gryphon hastily. \'Go on with the Queen, the.'),(68,268,2,'Soluta est officiis odio sequi sapiente.','I\'ll be jury,\" Said cunning old Fury: \"I\'ll try the patience of an oyster!\' \'I wish I had not noticed before, and he checked himself suddenly: the others took the hookah out of sight: \'but it seems.'),(48,152,4,'Officiis sint eveniet vel voluptatem nam non.','Knave, \'I didn\'t mean it!\' pleaded poor Alice in a deep, hollow tone: \'sit down, both of you, and must know better\'; and this Alice thought decidedly uncivil. \'But perhaps it was neither more nor.'),(6,261,5,'Voluptatibus aut ut officiis est.','YET,\' she said to herself, \'Now, what am I to do?\' said Alice. \'Who\'s making personal remarks now?\' the Hatter added as an explanation. \'Oh, you\'re sure to make SOME change in my kitchen AT ALL..'),(62,233,3,'Dolorum laboriosam ullam cupiditate qui id explicabo.','While the Owl had the best plan.\' It sounded an excellent plan, no doubt, and very nearly getting up and say \"How doth the little golden key was lying under the circumstances. There was a dead.'),(25,259,4,'Provident magnam qui nihil odio qui corrupti aut.','Don\'t let me hear the very middle of her sharp little chin into Alice\'s head. \'Is that the Gryphon whispered in a deep, hollow tone: \'sit down, both of you, and listen to me! I\'LL soon make you grow.'),(90,32,3,'Ullam eveniet qui quaerat qui vero est.','Alice said very politely, feeling quite pleased to have finished,\' said the Duchess, as she spoke, but no result seemed to have no answers.\' \'If you knew Time as well wait, as she tucked her arm.'),(36,197,4,'Ut est doloribus cumque aperiam repudiandae.','March Hare said to herself, \'I wonder what CAN have happened to you? Tell us all about for some way of escape, and wondering whether she could remember about ravens and writing-desks, which wasn\'t.'),(17,128,4,'Provident et aut cumque rerum ipsa.','OLD, FATHER WILLIAM,\"\' said the youth, \'as I mentioned before, And have grown most uncommonly fat; Yet you finished the goose, with the words have got in your pocket?\' he went on \'And how many miles.'),(83,238,1,'Quis earum rerum maxime accusamus.','Shark, But, when the tide rises and sharks are around, His voice has a timid and tremulous sound.] \'That\'s different from what I say--that\'s the same age as herself, to see the Hatter began, in.'),(21,15,5,'Quia nobis perferendis sunt.','I am so VERY remarkable in that; nor did Alice think it would be like, but it did not like to hear the Rabbit say to itself \'Then I\'ll go round and swam slowly back again, and the Hatter hurriedly.'),(15,75,5,'Voluptatem sint quasi cupiditate dolor velit error nihil.','Mouse, frowning, but very glad to get out again. The Mock Turtle a little three-legged table, all made of solid glass; there was nothing else to say \'creatures,\' you see, Miss, this here ought to.'),(19,101,1,'Rerum eveniet non nesciunt omnis.','Alice said with some severity; \'it\'s very rude.\' The Hatter shook his grey locks, \'I kept all my life, never!\' They had a vague sort of idea that they had to fall a long breath, and said to herself,.'),(63,37,3,'Culpa labore voluptatem qui repellat aliquid earum unde.','Cat, \'or you wouldn\'t keep appearing and vanishing so suddenly: you make one repeat lessons!\' thought Alice; \'I daresay it\'s a French mouse, come over with fright. \'Oh, I beg your pardon!\' she.'),(95,43,1,'Fuga nesciunt dicta error maiores laborum optio aperiam.','Would the fall NEVER come to the other, saying, in a fight with another dig of her sharp little chin. \'I\'ve a right to grow up any more HERE.\' \'But then,\' thought she, \'if people had all to lie down.'),(73,39,4,'Incidunt est sequi explicabo natus.','Alice had no very clear notion how delightful it will be much the most interesting, and perhaps after all it might tell her something about the twentieth time that day. \'A likely story indeed!\' said.'),(21,207,5,'Pariatur libero omnis expedita qui.','Caterpillar. \'Well, perhaps your feelings may be ONE.\' \'One, indeed!\' said the Duchess: \'flamingoes and mustard both bite. And the moral of that is--\"Be what you mean,\' said Alice. \'Anything you.'),(3,121,4,'Consequatur cupiditate vero et quam consequatur dolorem omnis.','Queen, who was talking. Alice could bear: she got used to say it over) \'--yes, that\'s about the games now.\' CHAPTER X. The Lobster Quadrille The Mock Turtle at last, more calmly, though still.'),(35,115,3,'Fugiat optio explicabo tempora ut doloremque.','Just then her head was so full of the e--e--evening, Beautiful, beautiful Soup!\' CHAPTER XI. Who Stole the Tarts? The King turned pale, and shut his note-book hastily. \'Consider your verdict,\' he.'),(65,14,3,'Culpa et eligendi quis distinctio.','OURS they had to stop and untwist it. After a while she was considering in her French lesson-book. The Mouse only growled in reply. \'Please come back in a coaxing tone, and everybody else. \'Leave.'),(95,79,2,'Aut inventore animi corrupti itaque saepe nihil.','Alice, \'it would have appeared to them to sell,\' the Hatter asked triumphantly. Alice did not come the same thing,\' said the Mock Turtle drew a long argument with the bread-and-butter getting so.'),(97,121,1,'Culpa unde ut voluptates facere nisi est quo.','NOT marked \'poison,\' it is almost certain to disagree with you, sooner or later. However, this bottle does. I do hope it\'ll make me smaller, I suppose.\' So she went on, \'and most things twinkled.'),(88,103,5,'Asperiores rerum magnam exercitationem error qui.','The Queen\'s Croquet-Ground A large rose-tree stood near the right size, that it might tell her something worth hearing. For some minutes the whole pack of cards!\' At this moment Alice appeared, she.'),(94,61,4,'Non quae amet qui voluptates architecto quidem.','Alice more boldly: \'you know you\'re growing too.\' \'Yes, but I can\'t see you?\' She was looking at Alice as he fumbled over the wig, (look at the bottom of a muchness?\' \'Really, now you ask me,\' said.'),(8,250,5,'Quos quo magnam blanditiis.','WAS a narrow escape!\' said Alice, and she felt a little door about fifteen inches high: she tried to beat time when I grow up, I\'ll write one--but I\'m grown up now,\' she said, by way of settling all.'),(65,203,1,'Blanditiis officia facilis eveniet est magni et hic.','Has lasted the rest of my own. I\'m a deal faster than it does.\' \'Which would NOT be an advantage,\' said Alice, timidly; \'some of the e--e--evening, Beautiful, beautiful Soup! Soup of the wood for.'),(53,279,3,'Ipsam quae saepe et vero beatae et.','YOU, and no more of the Lobster; I heard him declare, \"You have baked me too brown, I must sugar my hair.\" As a duck with its head, it WOULD twist itself round and round Alice, every now and then;.'),(2,284,4,'Voluptatum qui laborum est aut molestias iusto unde.','Wonderland, though she looked back once or twice she had found her way out. \'I shall sit here,\' the Footman went on talking: \'Dear, dear! How queer everything is queer to-day.\' Just then she.'),(14,214,4,'Corrupti atque maxime numquam hic provident.','If they had to do with you. Mind now!\' The poor little thing was waving its right paw round, \'lives a Hatter: and in despair she put it. She went in search of her skirt, upsetting all the children.'),(50,51,2,'Culpa minus quo sed.','Footman continued in the other. In the very middle of her favourite word \'moral,\' and the fall NEVER come to the jury, who instantly made a rush at Alice the moment she appeared on the English coast.'),(92,29,1,'Quisquam ipsam cupiditate qui ducimus alias reprehenderit.','SHE, of course,\' the Mock Turtle. \'No, no! The adventures first,\' said the Mouse. \'--I proceed. \"Edwin and Morcar, the earls of Mercia and Northumbria--\"\' \'Ugh!\' said the Queen, tossing her head to.'),(39,287,1,'Blanditiis quam et tenetur qui.','Alice, \'shall I NEVER get any older than you, and must know better\'; and this he handed over to herself, as she spoke--fancy CURTSEYING as you\'re falling through the door, staring stupidly up into a.'),(16,113,5,'Sit sit enim nihil molestiae nobis.','Grammar, \'A mouse--of a mouse--to a mouse--a mouse--O mouse!\') The Mouse only growled in reply. \'Please come back again, and said, without opening its eyes, for it flashed across her mind that she.'),(20,293,4,'Eius quisquam asperiores et ea.','Pigeon. \'I\'m NOT a serpent!\' said Alice doubtfully: \'it means--to--make--anything--prettier.\' \'Well, then,\' the Gryphon only answered \'Come on!\' cried the Mouse, turning to the other bit. Her chin.'),(41,149,4,'Fuga adipisci eos inventore quia incidunt.','HE was.\' \'I never could abide figures!\' And with that she remained the same thing as \"I eat what I should think it would be like, but it makes me grow large again, for this time the Mouse had.'),(42,224,2,'Et hic ratione aut veritatis.','Knave \'Turn them over!\' The Knave did so, and giving it something out of the wood for fear of killing somebody, so managed to put it to his ear. Alice considered a little, \'From the Queen. \'Well, I.'),(74,296,3,'Qui voluptates non distinctio et nobis.','Mouse, frowning, but very glad that it would be like, \'--for they haven\'t got much evidence YET,\' she said to Alice, and she tried her best to climb up one of them hit her in a twinkling! Half-past.'),(8,195,5,'Voluptatem dolores provident numquam possimus porro et eum.','Alice caught the flamingo and brought it back, the fight was over, and both the hedgehogs were out of his teacup and bread-and-butter, and went by without noticing her. Then followed the Knave of.'),(69,155,2,'Nisi quia ad reprehenderit tempora sed perferendis commodi.','For anything tougher than suet; Yet you balanced an eel on the bank--the birds with draggled feathers, the animals with their heads!\' and the Queen never left off writing on his slate with one.'),(1,158,5,'Ea molestias laboriosam doloremque ullam tempora nisi pariatur.','Let me think: was I the same words as before, \'It\'s all about for a good many little girls in my size; and as he spoke, and the little door, so she felt a little timidly, for she had nothing else to.'),(86,97,1,'Molestiae quod iure voluptas veniam repellendus est.','Dormouse denied nothing, being fast asleep. \'After that,\' continued the Hatter, and, just as well she might, what a long sleep you\'ve had!\' \'Oh, I\'ve had such a subject! Our family always HATED.'),(11,33,4,'Doloribus ab quis odit totam pariatur accusantium.','I wish you would seem to dry me at home! Why, I wouldn\'t be so kind,\' Alice replied, rather shyly, \'I--I hardly know, sir, just at first, perhaps,\' said the last few minutes it seemed quite dull and.'),(68,201,4,'Ut modi molestiae enim corrupti neque.','Pigeon in a loud, indignant voice, but she heard something splashing about in the window?\' \'Sure, it\'s an arm, yer honour!\' (He pronounced it \'arrum.\') \'An arm, you goose! Who ever saw in another.'),(91,174,3,'Et veritatis ratione non et accusamus molestiae.','I\'ve got to do,\' said Alice indignantly. \'Ah! then yours wasn\'t a really good school,\' said the Duchess. \'I make you dry enough!\' They all made a rush at Alice for some minutes. Alice thought to.'),(14,277,4,'Ab reprehenderit error voluptatibus veniam culpa quas.','For really this morning I\'ve nothing to what I say,\' the Mock Turtle with a growl, And concluded the banquet--] \'What IS the fun?\' said Alice. \'Come, let\'s try the patience of an oyster!\' \'I wish I.'),(75,73,5,'Deleniti qui nemo nihil ex at enim aliquid.','While the Panther were sharing a pie--\' [later editions continued as follows The Panther took pie-crust, and gravy, and meat, While the Panther received knife and fork with a kind of thing never.'),(14,120,4,'Sed esse eum unde illum qui velit voluptates.','I should think it was,\' said the Caterpillar. \'Well, I never heard of \"Uglification,\"\' Alice ventured to ask. \'Suppose we change the subject of conversation. While she was appealed to by all three.'),(17,83,4,'Quia voluptas ex minus fugit aut.','So Bill\'s got the other--Bill! fetch it here, lad!--Here, put \'em up at the door-- Pray, what is the capital of Paris, and Paris is the same age as herself, to see the earth takes twenty-four hours.'),(56,248,4,'Saepe sapiente facere vel vel.','Run home this moment, and fetch me a good deal until she had found her way through the doorway; \'and even if my head would go through,\' thought poor Alice, \'it would have appeared to them she heard.'),(42,125,5,'Quasi deleniti quod ipsum vel suscipit aspernatur quia atque.','Alice, seriously, \'I\'ll have nothing more to be listening, so she helped herself to about two feet high, and she looked down at her with large round eyes, and half of them--and it belongs to a.'),(24,116,3,'Distinctio quas sunt blanditiis distinctio mollitia itaque natus et.','Alice\'s elbow was pressed so closely against her foot, that there ought! And when I get it home?\' when it saw mine coming!\' \'How do you know what it might tell her something about the crumbs,\' said.'),(78,193,4,'Earum nulla officia magni est.','BE TRUE--\" that\'s the jury, who instantly made a memorandum of the deepest contempt. \'I\'ve seen hatters before,\' she said to the Dormouse, who seemed to listen, the whole window!\' \'Sure, it does,.'),(40,167,4,'Molestias quia fuga aut rerum iusto ullam.','Alice thought the whole cause, and condemn you to death.\"\' \'You are old,\' said the Hatter, \'when the Queen never left off quarrelling with the tarts, you know--\' (pointing with his head!\' or \'Off.'),(74,32,3,'Et rem omnis minima et aut.','Alice, (she had grown up,\' she said this, she looked at her feet, for it was too much frightened that she had finished, her sister sat still just as well as pigs, and was delighted to find her way.'),(100,297,2,'Blanditiis culpa aut quod eligendi.','William the Conqueror.\' (For, with all her life. Indeed, she had nothing yet,\' Alice replied very solemnly. Alice was more and more puzzled, but she got back to them, and considered a little, \'From.'),(87,42,4,'Asperiores dicta error fuga.','King, with an M?\' said Alice. \'Call it what you mean,\' the March Hare. \'I didn\'t write it, and kept doubling itself up very carefully, remarking, \'I really must be on the hearth and grinning from.'),(87,78,1,'Provident tenetur et cupiditate quia sed amet itaque.','The great question certainly was, what? Alice looked round, eager to see you again, you dear old thing!\' said the Pigeon; \'but if they do, why then they\'re a kind of sob, \'I\'ve tried the effect of.'),(75,246,3,'Aspernatur quisquam aliquid voluptatem quae ut accusamus.','Digging for apples, yer honour!\' (He pronounced it \'arrum.\') \'An arm, you goose! Who ever saw in my size; and as the Lory positively refused to tell you--all I know THAT well enough; and what does.'),(88,79,3,'Consequuntur rerum voluptas sed.','She got up very carefully, nibbling first at one and then said \'The fourth.\' \'Two days wrong!\' sighed the Hatter. \'You might just as well be at school at once.\' However, she got up very carefully,.'),(25,263,3,'Maxime fuga eos aut a.','I never was so ordered about by mice and rabbits. I almost think I could, if I might venture to say anything. \'Why,\' said the voice. \'Fetch me my gloves this moment!\' Then came a little ledge of.'),(18,287,3,'Molestiae sit atque doloremque cupiditate voluptatum maiores cum.','I have dropped them, I wonder?\' Alice guessed in a sulky tone; \'Seven jogged my elbow.\' On which Seven looked up eagerly, half hoping that the best way you go,\' said the Mock Turtle said with a.'),(21,46,1,'Consequatur rerum repudiandae rerum ipsa eum autem.','Alice\'s first thought was that you weren\'t to talk to.\' \'How are you getting on now, my dear?\' it continued, turning to Alice again. \'No, I didn\'t,\' said Alice: \'I don\'t know where Dinn may be,\'.'),(94,247,5,'Laborum culpa in aliquam deserunt odio fugiat corporis.','She was moving them about as much as serpents do, you know.\' He was an old conger-eel, that used to queer things happening. While she was nine feet high. \'Whoever lives there,\' thought Alice, \'it\'ll.'),(24,202,4,'Cumque veniam ut eos vitae quo non.','English. \'I don\'t know much,\' said Alice, rather doubtfully, as she swam nearer to make it stop. \'Well, I\'d hardly finished the goose, with the Gryphon. \'--you advance twice--\' \'Each with a sigh:.'),(20,282,2,'Nobis ab amet ut vero accusantium.','ME\' beautifully printed on it were white, but there was hardly room to grow up again! Let me see: that would be like, \'--for they haven\'t got much evidence YET,\' she said to live. \'I\'ve seen a good.'),(32,9,2,'Nulla enim consequatur facilis corporis quasi dolores.','ME,\' but nevertheless she uncorked it and put it to his ear. Alice considered a little, \'From the Queen. \'I never said I could not remember ever having heard of such a subject! Our family always.'),(70,58,3,'Facilis alias sed veniam.','Gryphon. \'How the creatures argue. It\'s enough to get in?\' asked Alice again, in a rather offended tone, \'Hm! No accounting for tastes! Sing her \"Turtle Soup,\" will you, won\'t you, will you, won\'t.'),(29,134,4,'Ab ab exercitationem eligendi nihil saepe.','YOUR opinion,\' said Alice. \'I\'ve read that in some book, but I THINK I can guess that,\' she added aloud. \'Do you mean that you had been found and handed them round as prizes. There was nothing so.'),(79,93,2,'Dolores iusto quidem voluptas tenetur autem blanditiis ex.','She is such a pleasant temper, and thought to herself, (not in a tone of great relief. \'Now at OURS they had been anything near the house down!\' said the King, the Queen, \'and take this young lady.'),(53,202,5,'Deserunt fugiat et ut dolorem sunt perspiciatis non.','Mock Turtle at last, they must be really offended. \'We won\'t talk about her any more HERE.\' \'But then,\' thought Alice, and looking anxiously about her. \'Oh, do let me help to undo it!\' \'I shall be a.'),(62,216,3,'Non quis quam vero aut fugiat.','King. (The jury all wrote down all three to settle the question, and they repeated their arguments to her, though, as they were filled with cupboards and book-shelves; here and there she saw them,.'),(43,85,4,'Iste qui temporibus eum optio cumque rerum ut suscipit.','Alice thoughtfully: \'but then--I shouldn\'t be hungry for it, he was speaking, and this was not easy to know when the Rabbit began. Alice gave a sudden leap out of the sort!\' said Alice. \'It goes on,.'),(42,217,4,'Consectetur molestias perspiciatis facilis dolore vitae quae.','Alice did not much like keeping so close to them, they set to work shaking him and punching him in the world you fly, Like a tea-tray in the night? Let me see: that would happen: \'\"Miss Alice! Come.'),(42,184,3,'Voluptas doloribus ut totam quam ratione pariatur nam.','They had not gone (We know it to make out at all fairly,\' Alice began, in rather a hard word, I will prosecute YOU.--Come, I\'ll take no denial; We must have been was not a mile high,\' said Alice..'),(1,212,1,'Id laudantium delectus nemo est dolor aut consequatur.','SAID was, \'Why is a very humble tone, going down on the trumpet, and then turned to the Gryphon. \'Well, I hardly know--No more, thank ye; I\'m better now--but I\'m a hatter.\' Here the Queen shouted at.'),(1,212,1,'Id laudantium delectus nemo est dolor aut consequatur.','SAID was, \'Why is a very humble tone, going down on the trumpet, and then turned to the Gryphon. \'Well, I hardly know--No more, thank ye; I\'m better now--but I\'m a hatter.\' Here the Queen shouted at.'),(1,212,1,'Id laudantium delectus nemo est dolor aut consequatur.','SAID was, \'Why is a very humble tone, going down on the trumpet, and then turned to the Gryphon. \'Well, I hardly know--No more, thank ye; I\'m better now--but I\'m a hatter.\' Here the Queen shouted at.'),(1,212,1,'Id laudantium delectus nemo est dolor aut consequatur.','SAID was, \'Why is a very humble tone, going down on the trumpet, and then turned to the Gryphon. \'Well, I hardly know--No more, thank ye; I\'m better now--but I\'m a hatter.\' Here the Queen shouted at.'),(1,212,5,'Id laudantium delectus nemo est dolor aut consequatur.','SAID was, \'Why is a very humble tone, going down on the trumpet, and then turned to the Gryphon. \'Well, I hardly know--No more, thank ye; I\'m better now--but I\'m a hatter.\' Here the Queen shouted at.');
/*!40000 ALTER TABLE `review` ENABLE KEYS */;
UNLOCK TABLES;
/*!50003 SET @saved_cs_client      = @@character_set_client */ ;
/*!50003 SET @saved_cs_results     = @@character_set_results */ ;
/*!50003 SET @saved_col_connection = @@collation_connection */ ;
/*!50003 SET character_set_client  = utf8mb4 */ ;
/*!50003 SET character_set_results = utf8mb4 */ ;
/*!50003 SET collation_connection  = utf8mb4_0900_ai_ci */ ;
/*!50003 SET @saved_sql_mode       = @@sql_mode */ ;
/*!50003 SET sql_mode              = 'ONLY_FULL_GROUP_BY,STRICT_TRANS_TABLES,NO_ZERO_IN_DATE,NO_ZERO_DATE,ERROR_FOR_DIVISION_BY_ZERO,NO_ENGINE_SUBSTITUTION' */ ;
DELIMITER ;;
/*!50003 CREATE*/ /*!50017 DEFINER=`root`@`localhost`*/ /*!50003 TRIGGER `auto_update_rating` AFTER INSERT ON `review` FOR EACH ROW BEGIN
	UPDATE rating SET
	       kinopoisk_rating = (SELECT DISTINCT AVG(mark) OVER(PARTITION BY movie_id) FROM review WHERE movie_id = NEW.movie_id)
	       WHERE movie_id = NEW.movie_id;
END */;;
DELIMITER ;
/*!50003 SET sql_mode              = @saved_sql_mode */ ;
/*!50003 SET character_set_client  = @saved_cs_client */ ;
/*!50003 SET character_set_results = @saved_cs_results */ ;
/*!50003 SET collation_connection  = @saved_col_connection */ ;

--
-- Table structure for table `roles`
--

DROP TABLE IF EXISTS `roles`;
/*!40101 SET @saved_cs_client     = @@character_set_client */;
/*!50503 SET character_set_client = utf8mb4 */;
CREATE TABLE `roles` (
  `role_id` int unsigned NOT NULL,
  `role` varchar(255) NOT NULL,
  PRIMARY KEY (`role`),
  KEY `roles_role_id_fk` (`role_id`),
  CONSTRAINT `roles_role_id_fk` FOREIGN KEY (`role_id`) REFERENCES `movie_staff` (`role_id`) ON DELETE CASCADE
) ENGINE=InnoDB DEFAULT CHARSET=utf8mb4 COLLATE=utf8mb4_0900_ai_ci;
/*!40101 SET character_set_client = @saved_cs_client */;

--
-- Dumping data for table `roles`
--

LOCK TABLES `roles` WRITE;
/*!40000 ALTER TABLE `roles` DISABLE KEYS */;
INSERT INTO `roles` VALUES (1,'star'),(2,'actor'),(3,'director'),(4,'art director'),(5,'composer'),(6,'editor'),(7,'cameraman');
/*!40000 ALTER TABLE `roles` ENABLE KEYS */;
UNLOCK TABLES;

--
-- Table structure for table `staff`
--

DROP TABLE IF EXISTS `staff`;
/*!40101 SET @saved_cs_client     = @@character_set_client */;
/*!50503 SET character_set_client = utf8mb4 */;
CREATE TABLE `staff` (
  `staff_id` int unsigned NOT NULL AUTO_INCREMENT,
  `name` varchar(255) CHARACTER SET utf8 COLLATE utf8_unicode_ci NOT NULL,
  `f_name` varchar(255) CHARACTER SET utf8 COLLATE utf8_unicode_ci NOT NULL,
  `birthdate` date DEFAULT NULL,
  `birth_place` varchar(255) CHARACTER SET utf8 COLLATE utf8_unicode_ci DEFAULT NULL,
  `death_date` date DEFAULT NULL,
  `sex` char(1) CHARACTER SET utf8 COLLATE utf8_unicode_ci DEFAULT NULL,
  PRIMARY KEY (`staff_id`)
) ENGINE=InnoDB AUTO_INCREMENT=301 DEFAULT CHARSET=utf8 COLLATE=utf8_unicode_ci;
/*!40101 SET character_set_client = @saved_cs_client */;

--
-- Dumping data for table `staff`
--

LOCK TABLES `staff` WRITE;
/*!40000 ALTER TABLE `staff` DISABLE KEYS */;
INSERT INTO `staff` VALUES (1,'Urban','Bruen','1975-10-23','West Maribelberg',NULL,'f'),(2,'Garth','Moore','1983-04-10','Dixieborough',NULL,'m'),(3,'Jeffry','Cummings','2019-03-22','New Sheridanmouth',NULL,'f'),(4,'Jayce','Bayer','2019-04-08','Prohaskamouth',NULL,'f'),(5,'Hardy','Jacobi','2012-08-12','Ryanburgh',NULL,'f'),(6,'Donnell','Hand','1998-11-02','New Maverickland',NULL,'m'),(7,'Albin','Anderson','2018-06-08','Port Christaton',NULL,'f'),(8,'Kaleigh','Spinka','1998-03-13','O\'Connerton',NULL,'f'),(9,'Kennith','Effertz','1999-03-11','Schoenmouth',NULL,'m'),(10,'Chelsey','Goldner','1992-04-03','Nameport',NULL,'f'),(11,'Hailie','Batz','1974-02-04','Kulasborough',NULL,'f'),(12,'Reymundo','Walter','1972-07-26','Lake Kaciville',NULL,'f'),(13,'Mackenzie','Hoeger','1997-07-30','Lake Angiechester',NULL,'m'),(14,'Raegan','Upton','2006-03-29','West Edward',NULL,'f'),(15,'Lindsay','Reichel','2007-10-25','Vinceton',NULL,'m'),(16,'Angie','McDermott','2015-07-27','Myrtleside',NULL,'f'),(17,'Kelton','Lang','2006-08-14','New Rosendo',NULL,'m'),(18,'Delores','Beer','2013-10-25','East Kaylinfort',NULL,'f'),(19,'Emmy','Mosciski','2019-01-04','New Timmothy',NULL,'m'),(20,'Hulda','Flatley','2018-03-27','East Mosesfort',NULL,'f'),(21,'Marielle','Botsford','1985-01-31','Schummfurt',NULL,'f'),(22,'Camden','Konopelski','1998-06-02','Brownhaven',NULL,'m'),(23,'Oceane','Heaney','2019-12-17','Evangelineport',NULL,'m'),(24,'Judson','Romaguera','1976-06-18','Gleasonfurt',NULL,'m'),(25,'Jayden','Lowe','2016-11-01','Ornstad',NULL,'m'),(26,'Jerrod','Muller','1992-12-10','South Garthton',NULL,'f'),(27,'Vena','Altenwerth','1973-01-02','East Torrance',NULL,'f'),(28,'Jayson','Jacobson','1988-12-19','South Yvonne',NULL,'f'),(29,'Quinten','Kautzer','2015-09-04','Port Eudoraview',NULL,'f'),(30,'Richard','Luettgen','2015-02-22','Kossville',NULL,'m'),(31,'Donny','Armstrong','2018-07-12','West Houstonville',NULL,'f'),(32,'Garrick','Schinner','1970-01-05','New Misaelbury',NULL,'f'),(33,'Turner','Lubowitz','2013-07-22','North Jazmyn',NULL,'m'),(34,'Hailee','Jast','2019-09-01','Lake Laishaton',NULL,'f'),(35,'Willard','Jacobi','2007-05-11','Joseburgh',NULL,'f'),(36,'Ashlynn','Anderson','1992-06-17','East John',NULL,'m'),(37,'Angie','Collins','2002-12-25','Dallinville',NULL,'f'),(38,'Ludwig','Brown','1994-11-01','Paigechester',NULL,'m'),(39,'Armando','McKenzie','2017-03-17','Vandervortfurt',NULL,'f'),(40,'Heber','Sauer','1972-03-26','Schuppeside',NULL,'m'),(41,'Michele','Kreiger','1984-11-18','Kreigerton',NULL,'m'),(42,'Grace','Zboncak','1993-11-15','New Maude',NULL,'f'),(43,'Guillermo','Gottlieb','2020-02-15','North Adolph',NULL,'f'),(44,'Sherman','Howe','1970-06-05','Prosaccostad',NULL,'f'),(45,'Lexie','Howe','1996-08-31','Gloverborough',NULL,'m'),(46,'Isaias','Wiegand','1999-09-05','Lake Vilma',NULL,'f'),(47,'Karlee','Berge','2008-11-13','Littelshire',NULL,'f'),(48,'Ashley','Rutherford','2002-03-04','Oberbrunnertown',NULL,'m'),(49,'Emmet','Harber','1980-05-31','North Johnbury',NULL,'f'),(50,'Lina','Kihn','1999-06-01','East Bernice',NULL,'f'),(51,'Hermann','Bailey','2012-10-20','Lake Emerson',NULL,'f'),(52,'Adriana','Wilkinson','1992-12-24','New Anjali',NULL,'f'),(53,'Marilou','Smith','2001-05-24','Gudrunchester',NULL,'m'),(54,'Daron','Gerlach','1990-12-27','New Waynetown',NULL,'m'),(55,'Johnpaul','VonRueden','1994-07-11','Howestad',NULL,'m'),(56,'Krystal','Bernier','1999-03-11','West Carolefurt',NULL,'m'),(57,'Nettie','Prosacco','1975-02-10','Sadyehaven',NULL,'m'),(58,'Fae','Beahan','2008-03-13','Port Margueritehaven',NULL,'m'),(59,'Kitty','Baumbach','1998-12-22','Percyberg',NULL,'m'),(60,'Nickolas','Shields','1991-02-13','Lake Jadynburgh',NULL,'m'),(61,'Kristin','Witting','1981-03-23','East Vivianfort',NULL,'m'),(62,'Abner','Romaguera','1978-12-13','West Bertahaven',NULL,'m'),(63,'Alexis','Wolff','1992-11-12','West Brady',NULL,'f'),(64,'Nicola','Schmeler','2010-03-14','Lake Rubiefurt',NULL,'m'),(65,'Greyson','Parker','2016-04-26','Boyerborough',NULL,'m'),(66,'Mariah','Anderson','2009-12-09','Melvinbury',NULL,'m'),(67,'Ena','Rosenbaum','1983-09-26','New Keely',NULL,'m'),(68,'Efrain','Herman','1991-01-27','South Leilamouth',NULL,'f'),(69,'Josefina','Lubowitz','2017-08-31','East Gustave',NULL,'m'),(70,'Johnathon','O\'Keefe','2007-09-10','Reichelville',NULL,'m'),(71,'Brown','Hessel','2009-12-13','Christinabury',NULL,'f'),(72,'Annetta','Hickle','2015-05-24','Mandytown',NULL,'m'),(73,'Pat','Gutkowski','1987-11-13','Stiedemannfort',NULL,'m'),(74,'Hassie','Kuphal','1996-01-28','East Harmon',NULL,'m'),(75,'Sienna','Ledner','2013-09-05','East Winona',NULL,'f'),(76,'Doug','Casper','2007-04-17','New Nakiatown',NULL,'f'),(77,'Abraham','Paucek','1999-05-01','South Hudsonside',NULL,'f'),(78,'Giovani','Kessler','1986-11-10','Romainemouth',NULL,'f'),(79,'Bret','Kilback','1993-07-01','Adrielfort',NULL,'m'),(80,'Sammy','Hirthe','2014-02-22','Lake Vadaland',NULL,'f'),(81,'Retta','McLaughlin','1994-07-21','Keanuchester',NULL,'m'),(82,'Connor','Rice','2009-06-22','Ilatown',NULL,'m'),(83,'Yasmine','Graham','2013-06-10','Harberside',NULL,'m'),(84,'Hazel','Ryan','2017-08-06','Port Malika',NULL,'f'),(85,'Lysanne','Herman','1988-02-28','Torphytown',NULL,'f'),(86,'Helga','Pfannerstill','1985-04-27','North Edythbury',NULL,'m'),(87,'Braden','Lind','1991-07-29','Siennaland',NULL,'m'),(88,'Brown','Lynch','2018-05-23','Streichmouth',NULL,'m'),(89,'Baron','Greenfelder','1994-12-20','Port Albertha',NULL,'f'),(90,'Paris','Kessler','1978-09-11','Magnusside',NULL,'m'),(91,'Lavonne','Zieme','2002-08-25','West Lauren',NULL,'f'),(92,'Destany','Heidenreich','1992-10-06','South Tevin',NULL,'f'),(93,'Clotilde','Luettgen','1976-12-04','Hodkiewicztown',NULL,'m'),(94,'Nickolas','Stroman','1991-09-27','Port Keeley',NULL,'f'),(95,'Vivien','Kiehn','2000-01-14','East Serenityport',NULL,'f'),(96,'Antone','Mayert','1995-12-15','New Jordishire',NULL,'m'),(97,'Lorena','Friesen','1998-09-07','Paoloburgh',NULL,'m'),(98,'Alysa','Gulgowski','2004-04-09','Port Eloisa',NULL,'m'),(99,'Fiona','Kilback','1995-11-11','Alexabury',NULL,'f'),(100,'Aglae','Will','1981-03-25','South Jonathan',NULL,'m'),(101,'Edd','Will','1986-06-03','West Malachiborough',NULL,'f'),(102,'Harrison','Leuschke','1993-09-03','Hilpertbury',NULL,'f'),(103,'Jonathan','Kuvalis','2008-07-18','Cordellmouth',NULL,'f'),(104,'Roy','Emard','1983-02-09','North Agnestown',NULL,'m'),(105,'Amari','Lockman','1982-01-03','Osinskiburgh',NULL,'f'),(106,'Alex','Kassulke','2019-10-25','Schusterchester',NULL,'m'),(107,'Norris','Tromp','1989-07-08','South Alexandrea',NULL,'m'),(108,'Dahlia','Feeney','1973-04-29','Nellaland',NULL,'f'),(109,'Diana','Glover','1970-04-04','Lake Keon',NULL,'f'),(110,'Alda','Skiles','2004-06-08','Yostport',NULL,'m'),(111,'Carmela','Wilkinson','1981-01-05','Denesikfort',NULL,'m'),(112,'Cassidy','Beier','2013-12-09','Kertzmannville',NULL,'m'),(113,'Cornelius','Graham','1981-08-16','South Heatherburgh',NULL,'m'),(114,'Alicia','Nolan','1990-11-20','Streichtown',NULL,'f'),(115,'Name','Bailey','2012-10-19','Rodriguezbury',NULL,'f'),(116,'Jaunita','Beier','1985-01-31','North Leoniemouth',NULL,'f'),(117,'Stanton','Reinger','1977-04-21','Raubury',NULL,'m'),(118,'Drake','Turner','1985-04-29','Mikelstad',NULL,'m'),(119,'Kelly','Herzog','1993-12-27','West Destinee',NULL,'f'),(120,'Richmond','Williamson','1996-03-10','Greenholtfort',NULL,'m'),(121,'Augusta','Lehner','1987-12-21','New Wyattstad',NULL,'f'),(122,'Serena','Lemke','2004-01-21','Sauerfort',NULL,'f'),(123,'Tierra','Schamberger','2017-02-07','Sawaynshire',NULL,'m'),(124,'Elta','Smitham','1982-05-25','North Letitia',NULL,'f'),(125,'Bessie','Wilderman','1990-03-23','East Natalie',NULL,'m'),(126,'Emery','Luettgen','2018-07-01','Adelbertland',NULL,'f'),(127,'Chaya','Wiza','2005-06-24','South Zena',NULL,'f'),(128,'Nat','Hickle','2005-06-29','Osinskiborough',NULL,'f'),(129,'Alexandra','Halvorson','2010-09-27','Weimannmouth',NULL,'f'),(130,'Lorenz','Pfannerstill','1976-10-13','Thompsonton',NULL,'m'),(131,'Julia','Graham','1970-05-21','Blocktown',NULL,'m'),(132,'Reagan','Donnelly','2013-12-24','North Rowlandstad',NULL,'f'),(133,'Daisha','Robel','1971-07-11','North Kian',NULL,'m'),(134,'Cynthia','Donnelly','2014-11-04','West Juanita',NULL,'f'),(135,'Delilah','Simonis','2010-06-29','South Abdullahland',NULL,'f'),(136,'Josianne','Luettgen','1973-11-29','Abbyport',NULL,'m'),(137,'Elliott','Osinski','1999-01-08','Turcottemouth',NULL,'m'),(138,'Jazlyn','Kertzmann','2009-03-25','Port Antonetta',NULL,'f'),(139,'Lavonne','Heidenreich','2011-07-07','Lake Casimirfort',NULL,'f'),(140,'Marty','McLaughlin','2005-04-04','Murphyville',NULL,'m'),(141,'Lori','Rodriguez','2009-03-19','Katlynnland',NULL,'f'),(142,'Helmer','Welch','2003-11-24','Alicechester',NULL,'m'),(143,'Neal','Collins','1982-11-30','East Edison',NULL,'m'),(144,'Teagan','Fay','1975-09-26','Alliebury',NULL,'m'),(145,'Alia','Labadie','1973-03-30','Schillerville',NULL,'f'),(146,'Addie','Johnson','1975-06-23','Lake Kaydentown',NULL,'f'),(147,'Reynold','Von','1976-04-17','Maggioport',NULL,'f'),(148,'Stanford','Brown','1983-05-11','Port Marta',NULL,'m'),(149,'Sylvia','Green','2015-12-20','Whitefort',NULL,'f'),(150,'Emerald','Hilpert','1997-07-08','North Jonatanborough',NULL,'m'),(151,'Lorine','Gorczany','2007-06-05','New Jamarville',NULL,'m'),(152,'Domenic','Weimann','2020-01-01','Thaliamouth',NULL,'f'),(153,'Herminio','Herman','1999-05-09','Nitzscheview',NULL,'m'),(154,'Breana','Kassulke','1997-05-27','South Christian',NULL,'m'),(155,'Maci','White','2009-04-04','Celineville',NULL,'f'),(156,'Dewayne','Weimann','1974-02-02','Marquiseberg',NULL,'m'),(157,'Tyrel','Bruen','1972-02-21','East Santosborough',NULL,'f'),(158,'Abner','Gibson','2017-08-21','Johnstonbury',NULL,'m'),(159,'Vince','Fay','1975-05-18','Langoshville',NULL,'f'),(160,'Darlene','Predovic','2001-04-10','East Darianaport',NULL,'f'),(161,'Palma','Hahn','1992-10-21','South Monte',NULL,'f'),(162,'Felicity','Douglas','1987-01-24','South Vada',NULL,'m'),(163,'Tanya','Berge','1975-02-06','East Laurymouth',NULL,'f'),(164,'America','Boyle','2020-01-24','East Sandra',NULL,'m'),(165,'Anabelle','Kautzer','2016-04-09','North Willisport',NULL,'m'),(166,'Deondre','Cruickshank','2017-06-14','East Daren',NULL,'f'),(167,'Isabella','White','2008-07-19','Wardhaven',NULL,'m'),(168,'Davon','Senger','1985-06-10','Kemmerhaven',NULL,'m'),(169,'Jillian','Mitchell','1992-08-08','Tillmanview',NULL,'f'),(170,'April','Bashirian','1999-11-02','Groverview',NULL,'m'),(171,'Felicity','Waelchi','1989-12-10','New Ardithport',NULL,'m'),(172,'Israel','Cartwright','2005-10-22','North Jalen',NULL,'f'),(173,'Candida','Cremin','1972-06-20','Anaside',NULL,'m'),(174,'Lacy','Smitham','1984-01-08','Jeraldland',NULL,'m'),(175,'Carson','Beer','1989-02-27','North Jadenborough',NULL,'f'),(176,'Lindsay','Pfannerstill','1981-05-08','Lake Maynard',NULL,'f'),(177,'Pamela','Marvin','1997-05-17','East Antoinetteview',NULL,'m'),(178,'Hank','Ledner','2012-10-13','South Alysson',NULL,'f'),(179,'Yasmin','Cronin','1984-08-15','New Gaston',NULL,'f'),(180,'Sibyl','Flatley','1997-05-10','Eloisamouth',NULL,'m'),(181,'Murl','Stokes','1992-09-15','O\'Keefeborough',NULL,'m'),(182,'Bennett','Gaylord','2013-10-12','Port Sanfordborough',NULL,'m'),(183,'Darryl','Erdman','1989-02-28','Hilpertside',NULL,'m'),(184,'Jeffry','King','1999-04-29','Araside',NULL,'m'),(185,'Billy','Feest','1998-02-17','Robertaport',NULL,'f'),(186,'Tre','Gleason','1983-06-19','North Madison',NULL,'m'),(187,'Jazmin','Kuphal','1989-03-20','Port Arnaldo',NULL,'f'),(188,'Micheal','Emard','1988-09-22','East Timmy',NULL,'m'),(189,'Selina','Bayer','1990-11-23','Laurynshire',NULL,'f'),(190,'Frederic','Goyette','2001-01-06','New Guy',NULL,'f'),(191,'Dwight','Bogisich','1981-07-22','South Jamaalchester',NULL,'f'),(192,'Marlee','Kunze','1987-06-24','Rolfsonfurt',NULL,'f'),(193,'Cruz','Lehner','2014-02-22','East Gerhard',NULL,'m'),(194,'Pinkie','Kiehn','2011-12-07','North Brodyland',NULL,'m'),(195,'Norbert','Beier','1980-08-07','Lake Ally',NULL,'f'),(196,'Reilly','Rippin','2019-05-03','North Fabiola',NULL,'m'),(197,'Myron','Brakus','1993-05-28','Gudrunfort',NULL,'m'),(198,'Kristy','Wisoky','1976-05-11','Gerholdbury',NULL,'f'),(199,'Bessie','Swaniawski','2012-07-05','McLaughlinland',NULL,'f'),(200,'Afton','Hermann','1976-09-25','Feltontown',NULL,'f'),(201,'Keshawn','Ullrich','2007-03-15','East Willowmouth',NULL,'f'),(202,'Sid','Collins','1990-06-13','Thielstad',NULL,'m'),(203,'Malika','Feeney','1971-09-09','North Jessikamouth',NULL,'f'),(204,'Zetta','Emard','2019-09-02','Treburgh',NULL,'f'),(205,'Jettie','Robel','1999-08-16','West Zackview',NULL,'m'),(206,'Kristina','DuBuque','2007-12-15','Goyettestad',NULL,'f'),(207,'Jordi','Kuphal','1992-01-21','Bartontown',NULL,'f'),(208,'Glennie','Lueilwitz','1980-05-23','Robynburgh',NULL,'m'),(209,'Bud','Klein','2004-11-14','Tateton',NULL,'m'),(210,'Sigurd','Kutch','1998-02-18','Lake Maudhaven',NULL,'f'),(211,'Alexis','Mann','1985-04-06','Port Madisen',NULL,'f'),(212,'Monique','Willms','2003-07-09','Piercefurt',NULL,'f'),(213,'Nellie','Blick','2009-12-06','Flatleyberg',NULL,'f'),(214,'Cecil','Kiehn','2018-11-17','Ethelhaven',NULL,'m'),(215,'Shane','Waelchi','1990-08-17','New Madaline',NULL,'m'),(216,'Jerrold','Cummerata','1980-11-21','West Todbury',NULL,'m'),(217,'Emilie','Gleichner','1975-06-24','Horacetown',NULL,'f'),(218,'Santina','Marks','2004-01-21','West Monroe',NULL,'m'),(219,'Jordy','Graham','2014-12-22','Kulasbury',NULL,'m'),(220,'Lilyan','Maggio','2002-08-23','North Savanna',NULL,'m'),(221,'Keshawn','Lynch','1987-08-06','West Tom',NULL,'m'),(222,'Larissa','Bins','2014-09-11','North Jovany',NULL,'f'),(223,'Gilda','Willms','1983-12-12','Port Ernestina',NULL,'f'),(224,'Merritt','Reilly','1976-01-25','Matildaview',NULL,'f'),(225,'Grayson','Breitenberg','2018-01-25','East Connor',NULL,'f'),(226,'Cristal','Rath','2017-07-02','Ryanton',NULL,'f'),(227,'Andrew','Schimmel','1985-04-13','South Judgestad',NULL,'m'),(228,'Anabel','Effertz','1979-10-11','New Angelina',NULL,'f'),(229,'Tara','Gulgowski','1982-08-03','New Margarita',NULL,'f'),(230,'Jazmin','Bins','1983-01-15','Whitneyside',NULL,'f'),(231,'Eldon','Barrows','1983-03-26','North Elyssa',NULL,'f'),(232,'Damon','Schulist','1998-02-02','Port Thomas',NULL,'m'),(233,'Aditya','Zulauf','1975-04-27','Port Natalia',NULL,'m'),(234,'Kris','Gaylord','1982-12-02','Odieport',NULL,'m'),(235,'Providenci','Ruecker','1990-10-28','New Shaunfort',NULL,'m'),(236,'Luisa','Treutel','1974-12-12','Hillsstad',NULL,'f'),(237,'Kaleigh','Roberts','2006-06-28','Tinaton',NULL,'m'),(238,'Ariane','Swaniawski','2019-06-03','Port Orland',NULL,'m'),(239,'Liana','Nienow','1972-11-18','West Tedstad',NULL,'f'),(240,'Mariane','Smitham','1993-11-27','South Alainaborough',NULL,'f'),(241,'Beverly','Williamson','2009-02-23','Dickinsonland',NULL,'f'),(242,'Roselyn','Leffler','1984-05-21','Makennatown',NULL,'m'),(243,'Elenora','Gleichner','1975-08-31','Lefflerport',NULL,'f'),(244,'Mac','Herzog','2004-04-19','Salliemouth',NULL,'f'),(245,'Eldred','Keeling','2002-02-19','North Ciara',NULL,'m'),(246,'Allene','Littel','1975-04-08','West Camdenstad',NULL,'f'),(247,'Shayne','Flatley','2019-04-03','Port Luigimouth',NULL,'f'),(248,'Dylan','Turcotte','2001-10-16','Alvahaven',NULL,'f'),(249,'Melyna','Corwin','1970-04-05','D\'Amoreborough',NULL,'m'),(250,'Spencer','Crist','2006-06-13','Port Jaidenbury',NULL,'f'),(251,'Kavon','Kiehn','1995-08-31','Jenkinsland',NULL,'m'),(252,'Trenton','Cummerata','2016-08-08','East Elmoremouth',NULL,'m'),(253,'Tyree','Jones','2014-07-01','Armanimouth',NULL,'m'),(254,'Tevin','Bayer','2000-08-19','Brakusborough',NULL,'f'),(255,'Jacinto','Heller','2013-04-05','Port Sarinamouth',NULL,'m'),(256,'Sylvan','Sawayn','1976-08-15','Kallieburgh',NULL,'f'),(257,'Sterling','Batz','1974-06-10','East Jonatan',NULL,'f'),(258,'Isabelle','Bernier','1989-03-27','Franeckiborough',NULL,'f'),(259,'Claud','Tremblay','1988-05-08','Baumbachburgh',NULL,'f'),(260,'Harmony','Friesen','2016-12-08','South Delores',NULL,'m'),(261,'Emiliano','Reinger','2009-12-27','Mrazview',NULL,'m'),(262,'Delta','Shields','1984-12-01','Wunschburgh',NULL,'f'),(263,'Josephine','Mertz','1972-06-15','West Janessa',NULL,'m'),(264,'Brock','Stark','1979-02-03','Lednershire',NULL,'m'),(265,'Arnold','Spencer','2015-06-25','West Katelinborough',NULL,'f'),(266,'Laurine','Bruen','1971-05-27','South Luisa',NULL,'f'),(267,'Zella','Sipes','2017-08-12','Wunschstad',NULL,'f'),(268,'Abel','Gulgowski','2002-01-28','Croninport',NULL,'f'),(269,'Emily','Sanford','2004-10-23','Hacketthaven',NULL,'m'),(270,'Kody','Leannon','2001-11-10','Vladimirbury',NULL,'f'),(271,'Korey','Cormier','1986-07-24','Lake Elinorechester',NULL,'f'),(272,'Loyce','Steuber','1972-07-13','Reingerberg',NULL,'m'),(273,'Johann','Olson','2001-05-30','Port Retachester',NULL,'f'),(274,'Gerson','Friesen','2017-07-15','West Adrianafort',NULL,'m'),(275,'Everette','Bernhard','1975-01-19','West Omari',NULL,'m'),(276,'Sedrick','Raynor','2012-12-18','O\'Reillyside',NULL,'f'),(277,'Kelli','Emmerich','2019-03-20','South Aubrey',NULL,'f'),(278,'Ezekiel','Will','1997-09-09','South Kristy',NULL,'f'),(279,'Domenica','Wolf','1995-01-29','North Robertmouth',NULL,'m'),(280,'Lavon','Dickens','1988-05-14','Port Dorothytown',NULL,'f'),(281,'Reggie','Corwin','1973-05-07','Torpview',NULL,'m'),(282,'Chesley','Volkman','2014-08-08','Greenhaven',NULL,'m'),(283,'Nettie','Lakin','1981-02-11','Medhurstport',NULL,'f'),(284,'Gilberto','Pfannerstill','1976-08-23','Wendellville',NULL,'m'),(285,'Martin','Farrell','2015-01-07','Tremblayton',NULL,'m'),(286,'Giles','McKenzie','2014-11-23','North Pierremouth',NULL,'f'),(287,'Percival','Pollich','1983-06-29','Walterfort',NULL,'f'),(288,'Allie','Beier','2002-06-09','Lake Evanhaven',NULL,'f'),(289,'Gail','Nitzsche','1970-10-02','Roweton',NULL,'f'),(290,'Guy','Casper','1989-03-28','North Princestad',NULL,'m'),(291,'Zita','Larkin','1983-11-16','East Samshire',NULL,'f'),(292,'Robb','Collins','2011-06-24','North Jermainemouth',NULL,'f'),(293,'Ada','Wuckert','1998-05-06','Aishaview',NULL,'m'),(294,'Isaac','VonRueden','1991-04-02','East Elenor',NULL,'f'),(295,'Hattie','Jacobson','1990-09-26','North Tierratown',NULL,'m'),(296,'Irwin','Wuckert','1990-10-15','East Werner',NULL,'m'),(297,'Durward','Conn','1973-04-15','Daphneefurt',NULL,'f'),(298,'Magali','Krajcik','1979-07-20','Jacobsonfort',NULL,'m'),(299,'Rocky','Hackett','2014-11-12','Hickletown',NULL,'f'),(300,'Haskell','Smith','2014-06-17','O\'Keefeborough',NULL,'f');
/*!40000 ALTER TABLE `staff` ENABLE KEYS */;
UNLOCK TABLES;

--
-- Table structure for table `tv_show`
--

DROP TABLE IF EXISTS `tv_show`;
/*!40101 SET @saved_cs_client     = @@character_set_client */;
/*!50503 SET character_set_client = utf8mb4 */;
CREATE TABLE `tv_show` (
  `movie_id` int unsigned NOT NULL,
  `number_seasons` int unsigned DEFAULT NULL,
  `number_episods` int unsigned DEFAULT NULL,
  PRIMARY KEY (`movie_id`),
  CONSTRAINT `tv_show_movie_id_fk` FOREIGN KEY (`movie_id`) REFERENCES `movie` (`id`) ON DELETE CASCADE
) ENGINE=InnoDB DEFAULT CHARSET=utf8mb4 COLLATE=utf8mb4_0900_ai_ci;
/*!40101 SET character_set_client = @saved_cs_client */;

--
-- Dumping data for table `tv_show`
--

LOCK TABLES `tv_show` WRITE;
/*!40000 ALTER TABLE `tv_show` DISABLE KEYS */;
/*!40000 ALTER TABLE `tv_show` ENABLE KEYS */;
UNLOCK TABLES;

--
-- Table structure for table `users`
--

DROP TABLE IF EXISTS `users`;
/*!40101 SET @saved_cs_client     = @@character_set_client */;
/*!50503 SET character_set_client = utf8mb4 */;
CREATE TABLE `users` (
  `user_id` int unsigned NOT NULL AUTO_INCREMENT,
  `email` varchar(120) CHARACTER SET utf8 COLLATE utf8_unicode_ci NOT NULL,
  `name` varchar(255) CHARACTER SET utf8 COLLATE utf8_unicode_ci DEFAULT 'User',
  `f_name` varchar(255) CHARACTER SET utf8 COLLATE utf8_unicode_ci DEFAULT NULL,
  `birthday` date DEFAULT NULL,
  PRIMARY KEY (`user_id`),
  UNIQUE KEY `email` (`email`)
) ENGINE=InnoDB AUTO_INCREMENT=301 DEFAULT CHARSET=utf8 COLLATE=utf8_unicode_ci;
/*!40101 SET character_set_client = @saved_cs_client */;

--
-- Dumping data for table `users`
--

LOCK TABLES `users` WRITE;
/*!40000 ALTER TABLE `users` DISABLE KEYS */;
INSERT INTO `users` VALUES (1,'mallory54@gmail.com','Beau','Dicki','1985-02-11'),(2,'mayer.susana@purdygraham.info','Eduardo','Lueilwitz','1972-03-08'),(3,'cassidy07@parker.net','Damian','Senger','2009-12-23'),(4,'botsford.ruthie@kuhic.com','Henry','Aufderhar','2009-12-07'),(5,'berniece68@schulist.com','Harrison','Lubowitz','1981-09-13'),(6,'johnnie47@yahoo.com','Dylan','Anderson','1985-07-12'),(7,'wbosco@mills.net','Rico','Leannon','1978-12-21'),(8,'oberbrunner.dora@swift.com','Enrique','Fisher','2013-04-05'),(9,'czieme@sanford.org','Felipa','Botsford','2008-05-04'),(10,'qnader@bogisichweber.biz','Arianna','Wilkinson','1992-06-22'),(11,'fritsch.hilbert@nader.info','Melyna','Feeney','1984-05-29'),(12,'lily.nienow@brown.com','Elsie','Lind','2004-05-08'),(13,'adolphus32@yahoo.com','Mac','Conroy','2018-06-30'),(14,'wkeebler@hotmail.com','Camille','Treutel','1987-04-05'),(15,'raina11@yahoo.com','Herminia','Koelpin','2006-02-01'),(16,'jsatterfield@tillman.com','Kacey','Fahey','2009-08-07'),(17,'zkling@yahoo.com','Lafayette','Hegmann','2009-09-11'),(18,'jana66@gmail.com','Jimmy','Koss','1985-09-07'),(19,'vallie95@hotmail.com','Freeman','Mills','2018-04-26'),(20,'colten.abbott@hotmail.com','Bertrand','Daugherty','1985-02-27'),(21,'roderick64@stracke.net','Treva','Brekke','1999-10-14'),(22,'brown.evelyn@wuckert.com','Olin','Halvorson','1979-04-03'),(23,'predovic.gail@yahoo.com','Abner','Rau','1992-03-31'),(24,'edmond10@baumbach.com','Rosalia','Schulist','2002-03-28'),(25,'mgleichner@kutchadams.info','Fabiola','Lehner','1992-04-13'),(26,'noemie61@yahoo.com','Alexandra','Orn','1985-12-08'),(27,'florence54@hodkiewicz.com','Harvey','Greenholt','2015-02-14'),(28,'dschmeler@hotmail.com','Zoie','Schultz','2006-12-03'),(29,'volkman.gudrun@cole.net','Pierce','Sipes','2007-03-26'),(30,'hdavis@yahoo.com','Yasmine','Dicki','2015-03-30'),(31,'zella.will@cummerataluettgen.com','Alf','Medhurst','2008-04-07'),(32,'cassin.brielle@spencersawayn.org','Jorge','Grimes','1991-05-30'),(33,'cruickshank.muhammad@hotmail.com','Daron','Beahan','1990-02-21'),(34,'goyette.hilbert@yahoo.com','Aiyana','Kirlin','1989-04-12'),(35,'lonnie.lakin@pfeffer.net','Kirk','Franecki','1993-12-01'),(36,'dcrist@jacobs.com','Casimir','Sauer','2017-05-20'),(37,'emilie06@simonis.com','Ruth','Swift','1982-08-31'),(38,'naomie66@lubowitz.net','Zelda','Rau','1984-05-23'),(39,'ikovacek@gmail.com','Elvera','Pagac','1977-06-18'),(40,'esperanza94@cristfarrell.net','Kelsie','Waelchi','2008-05-09'),(41,'cleve.wyman@howell.biz','Sofia','Rogahn','1989-07-03'),(42,'carroll.linnea@hotmail.com','Abigail','Friesen','1978-03-18'),(43,'breana.sipes@flatley.net','Abbie','Klocko','1978-08-08'),(44,'predovic.godfrey@yahoo.com','Ernestina','Muller','1976-02-28'),(45,'obernier@prosacco.net','Quincy','Ebert','2007-12-07'),(46,'ycollins@gmail.com','Lacy','D\'Amore','1991-08-09'),(47,'dwilliamson@hotmail.com','Trycia','Emard','1997-12-18'),(48,'connor70@sporer.com','Moshe','Runolfsdottir','1982-09-30'),(49,'emery.grant@brakushuels.com','Emelia','Russel','2012-09-06'),(50,'jeff.white@hotmail.com','Cletus','Batz','2016-12-29'),(51,'miguel34@schumm.biz','Lucas','Predovic','1990-02-08'),(52,'ugaylord@rogahn.com','Asha','Schimmel','2016-06-16'),(53,'mgulgowski@hotmail.com','Luella','Nicolas','1985-08-29'),(54,'althea84@gmail.com','Monte','McClure','1974-06-14'),(55,'nroob@gmail.com','Karelle','Weimann','2005-09-23'),(56,'ashlynn38@jacobi.com','Hanna','Runolfsson','1976-08-07'),(57,'yasmeen.mueller@strackeveum.com','Uriah','Hilpert','1982-04-24'),(58,'belle84@hotmail.com','Baby','Hodkiewicz','1975-11-26'),(59,'jeanie19@gmail.com','Zora','Champlin','2008-10-04'),(60,'ghettinger@hillsmarvin.com','Theresa','Keeling','1993-07-02'),(61,'wsatterfield@gmail.com','Orlo','Abernathy','2011-07-08'),(62,'uschuppe@bartell.net','Tatum','Walter','2003-09-23'),(63,'rodriguez.abelardo@torphy.info','Wiley','Kozey','2012-08-25'),(64,'aylin89@quitzon.com','Leda','Heller','2009-03-02'),(65,'yesenia.trantow@reynolds.com','Concepcion','Leannon','2007-12-28'),(66,'lemke.gerard@wizapowlowski.com','Barrett','Wolf','1972-09-29'),(67,'bradtke.jasen@labadiehirthe.com','Bernita','Ryan','1980-08-04'),(68,'barton19@gmail.com','Jayme','Herman','1981-03-10'),(69,'wilfrid.williamson@hotmail.com','Giovani','Haley','1976-09-30'),(70,'greenholt.josue@nader.info','Susie','Rath','1985-11-28'),(71,'kuphal.chanelle@yahoo.com','Brett','Ward','1986-07-31'),(72,'brooke01@ritchie.com','Ramona','Parker','1974-02-20'),(73,'bogan.jesse@conroy.com','Alphonso','Kunze','1981-12-08'),(74,'immanuel.grant@gmail.com','Mekhi','Torp','1992-10-21'),(75,'xdooley@cummings.net','Alexis','Borer','1977-09-07'),(76,'glover.ayana@mcdermott.info','Jennings','Buckridge','1991-03-10'),(77,'arvel.buckridge@douglasjast.com','Godfrey','Grimes','1982-06-17'),(78,'zieme.remington@marks.org','Simeon','Schroeder','1974-12-02'),(79,'lowe.luella@rueckerchamplin.net','Luther','Herman','2003-05-03'),(80,'stark.loyal@hotmail.com','Mack','Cassin','2014-02-26'),(81,'ymills@corwin.net','Bruce','Effertz','2016-09-10'),(82,'wthompson@dickinsonhyatt.com','Aubree','White','1973-06-25'),(83,'tara.windler@gmail.com','Alycia','Spinka','1988-07-14'),(84,'marlin36@ernser.com','Alexandra','Volkman','1978-08-08'),(85,'carol.o\'hara@yahoo.com','Dasia','Schaefer','1998-09-10'),(86,'ivory68@gmail.com','Geovany','Sipes','2008-11-30'),(87,'merlin82@reichel.biz','Edwin','Steuber','1996-06-24'),(88,'nbauch@yahoo.com','Torrance','Steuber','2020-01-23'),(89,'schaefer.eldora@hotmail.com','Nikko','Gutmann','1981-09-19'),(90,'griffin51@yahoo.com','Felicity','Nitzsche','1980-07-26'),(91,'wgraham@mullerkilback.com','Ana','Yundt','2012-06-18'),(92,'nitzsche.adah@hotmail.com','Mabel','Stiedemann','1998-06-14'),(93,'lbalistreri@kuphalspencer.org','Velma','Spinka','1982-06-28'),(94,'tnitzsche@hotmail.com','Karson','Morar','1980-01-03'),(95,'dbergstrom@hotmail.com','Daron','Kohler','1981-07-09'),(96,'hegmann.ulices@yahoo.com','Ottis','Langworth','1993-10-12'),(97,'connor30@russel.com','Alvera','Gottlieb','1984-02-21'),(98,'christy.nicolas@walkerstracke.com','Raphael','Witting','1983-02-05'),(99,'nader.melissa@yahoo.com','Sadie','Gutkowski','1996-04-17'),(100,'meta76@gmail.com','Ardith','Dicki','2012-10-06'),(101,'patrick.sipes@yahoo.com','Nikita','Rau','1973-05-27'),(102,'vankunding@hotmail.com','Hunter','Kris','1981-11-25'),(103,'roberta17@hotmail.com','Marion','Reinger','1974-03-08'),(104,'schowalter.adelle@rath.com','Daija','Rutherford','1989-09-11'),(105,'damon36@gmail.com','Sunny','Murazik','1995-06-08'),(106,'shanie91@gmail.com','Guadalupe','Maggio','1988-10-28'),(107,'cartwright.perry@hotmail.com','August','Kuhlman','1993-09-04'),(108,'lysanne.pollich@hotmail.com','Amelie','Schowalter','2015-06-02'),(109,'prince69@gmail.com','Matt','Hilll','2001-03-20'),(110,'mitchell.mose@rice.com','Crawford','Kertzmann','1985-08-08'),(111,'mrunolfsdottir@wiegandtillman.net','Marcelle','Lockman','1982-07-07'),(112,'lavon.keebler@romaguera.com','Mikayla','Douglas','1976-03-27'),(113,'wjacobs@gmail.com','Stefan','Franecki','1989-10-14'),(114,'delphine.stehr@collier.com','Tad','Davis','1970-11-19'),(115,'xmiller@yahoo.com','Dorris','Rice','1973-07-14'),(116,'michaela.brekke@yahoo.com','Marion','Bergnaum','1997-05-20'),(117,'rturcotte@cassin.net','Caleb','Renner','1991-12-03'),(118,'eichmann.maximo@wuckertlabadie.com','Brandy','Boyer','1980-03-30'),(119,'benton06@mcdermottjerde.com','Odie','Kovacek','2016-04-12'),(120,'uturner@luettgenconnelly.biz','Colleen','Abernathy','1975-07-30'),(121,'khalil.jaskolski@treutel.com','Maureen','Steuber','2012-01-27'),(122,'otorphy@yahoo.com','Rachel','Kassulke','2013-04-22'),(123,'alessia65@reilly.net','Paris','Thiel','2000-12-21'),(124,'qboyle@hotmail.com','Donnell','Boyer','1977-09-28'),(125,'kuhn.nora@wolffmoen.biz','Bethel','Robel','1975-01-15'),(126,'raoul.cronin@wehner.com','Jayson','Larkin','1971-01-22'),(127,'hroberts@hotmail.com','Jessica','Schultz','2011-06-15'),(128,'runolfsdottir.claude@weissnathilpert.com','Cloyd','Jerde','1970-12-24'),(129,'kayden.connelly@kemmer.com','Arturo','Schmitt','2017-01-14'),(130,'smueller@metz.info','Larry','Ryan','2017-10-02'),(131,'yasmin.purdy@klocko.net','Carley','Walker','1976-04-28'),(132,'keeling.demetris@lemke.org','Carmine','Upton','1972-04-11'),(133,'ubeier@yahoo.com','Estefania','Marvin','2018-02-11'),(134,'ddare@dickens.com','Brisa','Beer','1991-10-26'),(135,'vandervort.olen@considine.com','Freddie','Hand','1986-05-28'),(136,'stefanie74@yahoo.com','Serenity','Hirthe','1997-01-11'),(137,'treutel.stanley@steuber.com','Devin','Kuhlman','1973-12-14'),(138,'gmann@gmail.com','Susanna','Thiel','2009-11-01'),(139,'bethel.rutherford@yahoo.com','Royal','Baumbach','2005-06-20'),(140,'rmertz@kuhlman.info','Novella','O\'Hara','1982-02-20'),(141,'zoberbrunner@ohara.com','Gilda','Gusikowski','1981-05-31'),(142,'violette.hamill@hotmail.com','Orlando','Wiza','2001-11-20'),(143,'hilpert.axel@yahoo.com','Dortha','Kuvalis','1981-03-07'),(144,'zbradtke@pagac.com','Kenyatta','Stehr','1980-05-05'),(145,'bernhard.yazmin@hotmail.com','Solon','Ernser','2009-04-05'),(146,'ettie.mckenzie@boyle.org','Vilma','Nitzsche','2019-11-06'),(147,'ida.mueller@hotmail.com','Zane','Waelchi','2011-11-19'),(148,'dagmar65@morissette.org','Kaden','Osinski','2000-03-19'),(149,'ziemann.wava@yahoo.com','Emmanuel','Kreiger','1987-03-17'),(150,'stephania30@ziemann.info','Faustino','Haley','2016-05-26'),(151,'o\'hara.annie@yahoo.com','Muriel','Fay','2005-03-24'),(152,'vo\'conner@gmail.com','Prince','Zboncak','2019-02-08'),(153,'jmiller@orn.com','Ibrahim','Stanton','2019-10-12'),(154,'mckenzie.naomie@gmail.com','Albert','Crist','2005-12-26'),(155,'candida59@haag.com','Maude','Dickens','2003-07-07'),(156,'fcarroll@gmail.com','Nettie','Wilkinson','2013-12-22'),(157,'bernardo21@gmail.com','Brycen','Sawayn','1974-07-10'),(158,'erenner@gutkowski.biz','Sherman','Jerde','2015-06-02'),(159,'lvon@greenfeldernitzsche.com','Teresa','Willms','1985-11-06'),(160,'jerde.adela@yahoo.com','Abraham','O\'Connell','1976-10-03'),(161,'mdibbert@hotmail.com','Noah','Satterfield','2007-05-02'),(162,'mara.hermiston@yahoo.com','Jerel','Orn','1982-11-15'),(163,'bradtke.sophia@hotmail.com','Trycia','Franecki','2010-09-11'),(164,'hgreenfelder@nicolas.com','Cade','Rutherford','2012-11-01'),(165,'darion.kunde@gmail.com','Demetrius','Boyle','2005-01-30'),(166,'xgleichner@gmail.com','Nils','DuBuque','1971-10-25'),(167,'dallin61@hotmail.com','Myah','Hayes','2019-07-30'),(168,'cstehr@hotmail.com','Icie','Bartoletti','2009-10-19'),(169,'naomi.conroy@hotmail.com','Alisa','Huels','1987-02-04'),(170,'forrest.beier@yahoo.com','Fabian','Goldner','2014-06-02'),(171,'hintz.devan@fisherfritsch.com','Stacy','Ledner','1990-01-28'),(172,'howe.andres@yahoo.com','Turner','Lesch','2011-12-22'),(173,'alfreda.romaguera@hotmail.com','Gerald','Langosh','2007-05-29'),(174,'bednar.keaton@hyattschmitt.com','Aida','Wisozk','1988-02-08'),(175,'katelynn93@baumbach.org','Zander','Pagac','1993-01-17'),(176,'flatley.colton@gmail.com','Benny','Nolan','1973-10-31'),(177,'gziemann@yahoo.com','Antonia','Mosciski','1982-08-07'),(178,'nbailey@goyettekuhlman.com','Aletha','Strosin','2011-02-08'),(179,'al55@greenfelderprice.com','Myra','Hudson','2006-02-21'),(180,'kassandra28@yahoo.com','Anabelle','Dickinson','1994-12-05'),(181,'randy.bergnaum@pfannerstillwolff.info','Tillman','Bayer','1990-08-28'),(182,'charles.murray@deckow.com','Vicky','Beer','1980-08-27'),(183,'jessica22@yahoo.com','Edwin','Luettgen','2011-05-18'),(184,'wfisher@hansen.com','Eloisa','Schulist','2004-11-16'),(185,'radams@gmail.com','Jamaal','Gerhold','2012-02-18'),(186,'rowe.cullen@feil.org','Lilliana','Crona','1983-12-24'),(187,'name31@spencer.com','Amiya','Kris','1977-07-12'),(188,'katlynn.lehner@parkercummerata.com','Jovan','Mante','2004-01-18'),(189,'kallie38@crona.com','Clair','Reinger','2002-08-06'),(190,'vergie34@gerhold.com','Helene','Borer','2002-08-16'),(191,'paige43@yahoo.com','Carlee','Stroman','1979-02-13'),(192,'brekke.bryana@senger.org','Alicia','Hand','1994-01-02'),(193,'cassin.terence@schultzrosenbaum.com','Danyka','Blanda','1992-08-20'),(194,'vada06@kuphal.biz','Jenifer','Rodriguez','1983-03-15'),(195,'brooks90@hotmail.com','Eveline','Lakin','2004-06-21'),(196,'kristin62@gmail.com','Joelle','Bayer','1992-10-01'),(197,'helga35@gmail.com','Kasandra','Predovic','1975-02-09'),(198,'guy.rosenbaum@prosacco.com','Earlene','Barton','1972-02-26'),(199,'tlittle@yahoo.com','Ruby','Gutkowski','1989-11-20'),(200,'walsh.jenifer@hotmail.com','Soledad','Abbott','1979-03-27'),(201,'hermann.marielle@greenholt.info','Juliet','Paucek','1993-11-23'),(202,'wboyer@franecki.net','Myron','Boyle','2015-12-02'),(203,'zbashirian@wiza.info','Reginald','Ratke','2000-09-21'),(204,'ayla.heller@hotmail.com','Rene','Fritsch','2019-02-20'),(205,'ojacobi@kautzergerhold.com','Lilian','Becker','2020-01-01'),(206,'xleffler@gmail.com','Thomas','Farrell','1984-02-03'),(207,'lmurray@yahoo.com','Jessika','Daugherty','2014-09-02'),(208,'dominic76@emard.com','Missouri','O\'Keefe','1999-12-21'),(209,'mhermann@danielmclaughlin.com','Maggie','Barrows','2012-07-16'),(210,'bins.casey@yahoo.com','Curtis','Bode','1984-07-15'),(211,'vrunte@gmail.com','Mellie','Stark','1983-08-30'),(212,'xhudson@blick.com','Wyman','Wilkinson','1975-09-08'),(213,'novella.crona@kuphalkirlin.net','Mikayla','Farrell','2014-10-07'),(214,'enid.balistreri@hotmail.com','Karianne','Schroeder','2000-08-19'),(215,'hilll.alberta@gmail.com','Jenifer','Bayer','2019-10-07'),(216,'sbogan@halvorsonconn.com','Sheila','Orn','1976-02-18'),(217,'ilene59@gmail.com','Alison','Okuneva','1977-10-21'),(218,'lola.emard@veum.com','Hardy','Pfannerstill','2014-05-30'),(219,'lesch.baby@hotmail.com','Flossie','Yundt','2012-10-30'),(220,'mitchell.kaycee@hotmail.com','Yasmeen','Harvey','1992-11-20'),(221,'fstanton@jaskolski.com','Cyril','Feil','1985-03-18'),(222,'jnicolas@yahoo.com','Kylie','Rath','1984-03-01'),(223,'aracely45@gmail.com','Jewel','Ullrich','1973-10-14'),(224,'cleora78@yahoo.com','Zelda','Hermann','1971-09-29'),(225,'ijakubowski@bergstrom.com','Arnaldo','Marvin','2014-06-28'),(226,'vhayes@yahoo.com','Giovani','Kerluke','1999-03-06'),(227,'ashley.wintheiser@wisozkmayer.com','Shana','Kertzmann','1971-07-24'),(228,'icremin@gmail.com','Frederique','Dooley','2013-07-30'),(229,'brown.holden@gmail.com','Ramon','Heidenreich','2013-09-05'),(230,'phintz@powlowski.org','Brigitte','Kuhic','1970-01-26'),(231,'rwalsh@hotmail.com','Gregoria','Williamson','2019-08-29'),(232,'kianna10@hotmail.com','Jacklyn','Greenholt','1983-03-22'),(233,'rbrown@kuvalisblanda.com','Freddy','Blick','2020-03-19'),(234,'homenick.edd@hotmail.com','Creola','Kunde','1989-01-23'),(235,'eo\'keefe@schowalter.com','Valentin','O\'Conner','1981-08-28'),(236,'alphonso78@gmail.com','Brennan','Jacobson','2008-09-01'),(237,'howell.ramon@yahoo.com','Dortha','Sporer','2016-12-31'),(238,'joanie72@runolfssonmurray.info','Cecilia','Koch','1980-04-04'),(239,'victoria.kuhn@yahoo.com','Andres','VonRueden','1988-12-22'),(240,'santa.grady@shanahan.net','Era','Walter','1985-12-02'),(241,'tmann@farrell.com','Katarina','Hintz','1985-12-12'),(242,'pullrich@hotmail.com','Annette','Rice','1978-03-01'),(243,'katherine69@gmail.com','Emmett','Moen','1995-02-12'),(244,'margarete49@yahoo.com','Tyree','Jacobs','2005-12-27'),(245,'darrion20@yahoo.com','Marianne','Orn','1973-11-28'),(246,'ohartmann@dicki.com','Calista','Jacobs','1991-10-28'),(247,'ohamill@wolf.biz','Kaylin','Casper','1992-02-01'),(248,'ufritsch@donnellybayer.com','Carissa','Nader','1982-07-12'),(249,'modesta.volkman@yahoo.com','Raven','Schuppe','2007-12-20'),(250,'graham.trantow@kingswaniawski.com','Columbus','West','2001-12-01'),(251,'leonardo.parisian@okuneva.com','Elda','Ratke','1971-03-23'),(252,'bbeer@fay.info','Audreanne','Bergstrom','2011-02-12'),(253,'ldenesik@hotmail.com','Lavonne','Ondricka','1983-09-10'),(254,'pbarrows@wiegand.com','Gregg','Williamson','1997-03-19'),(255,'rod.cronin@hamill.net','Felicita','Brakus','1987-03-13'),(256,'carolanne11@haag.com','Leslie','Schinner','2009-12-05'),(257,'funk.kiana@doyle.com','Geraldine','Keeling','1993-10-30'),(258,'qturner@pfannerstill.com','Daniella','Kuhlman','1976-05-05'),(259,'eyundt@considine.biz','Teagan','Lang','1975-03-02'),(260,'giovanni46@hesselemard.com','Claudia','Bechtelar','1988-10-26'),(261,'carol.volkman@gmail.com','Verner','Fahey','2009-03-08'),(262,'adrien26@yahoo.com','Susana','Mueller','1998-03-22'),(263,'jodie.parker@collier.com','Elias','Lang','1983-03-06'),(264,'suzanne.waters@yahoo.com','Bernhard','Lesch','1989-01-04'),(265,'greta78@kub.com','Turner','Herzog','2019-02-10'),(266,'jasper.emmerich@hickle.com','Daphney','Kunze','1970-10-16'),(267,'ortiz.matteo@hotmail.com','Abdiel','Gleichner','1977-03-23'),(268,'fcorkery@gmail.com','Eloisa','Sanford','2017-09-27'),(269,'jo.blick@hotmail.com','Estevan','Bednar','2013-03-19'),(270,'casper.bridgette@jast.com','Gretchen','Beatty','1985-09-22'),(271,'west.belle@baileybeier.com','Lulu','Reichert','1984-09-04'),(272,'arjun31@blicklabadie.net','Florine','Hilll','1972-06-04'),(273,'gladyce.kessler@moenbarton.info','Tianna','Flatley','1975-10-02'),(274,'ischaefer@metz.biz','Vada','Pacocha','1970-01-17'),(275,'wehner.jamil@hahnmayer.org','Clementine','Bashirian','2013-05-20'),(276,'wgorczany@flatley.net','Alison','Morissette','1980-04-15'),(277,'adrianna.bayer@smithambrown.com','Randall','Grady','1996-08-19'),(278,'yreilly@hartmannkris.info','Tod','Marquardt','1972-02-05'),(279,'lueilwitz.michael@blanda.com','Shania','Kassulke','2003-05-17'),(280,'osinski.leonor@lueilwitz.com','Sheldon','Olson','2011-06-30'),(281,'gustave.ledner@hotmail.com','Jasmin','Cummings','1992-02-28'),(282,'gleason.emile@kleinfeeney.com','Larue','Olson','2019-09-18'),(283,'justus.doyle@gerhold.net','Bernard','Hane','1977-09-28'),(284,'aisha42@gmail.com','Nicklaus','Feil','1978-02-23'),(285,'gussie.maggio@kuphalabernathy.com','Malika','Emmerich','1988-10-17'),(286,'addison.hayes@kohler.com','Arely','Mills','2006-09-16'),(287,'mgrady@riceromaguera.com','Vance','Hudson','2009-04-25'),(288,'annamarie21@champlin.com','Demario','Cummings','1989-05-22'),(289,'kulas.verla@gmail.com','Arely','Herzog','2007-12-26'),(290,'anderson.theresia@sawaynbrekke.net','Arianna','Yundt','1984-09-08'),(291,'upton.elvis@oreilly.com','Imani','Turcotte','2011-08-01'),(292,'talia.kuhic@gmail.com','Cecelia','Schowalter','2016-03-13'),(293,'claude.abernathy@ondricka.com','Liam','Block','2020-01-03'),(294,'marta96@kuphal.com','Brooks','Dach','2018-06-08'),(295,'makenzie52@yahoo.com','Baron','Kuhn','1979-06-23'),(296,'lavonne.cassin@mannschroeder.com','Breanne','Vandervort','2011-10-08'),(297,'ron15@fadel.biz','Madisen','Gottlieb','2015-10-11'),(298,'kaylin25@gmail.com','Tyrel','Streich','1975-01-18'),(299,'orland72@gmail.com','Riley','Lebsack','1984-09-02'),(300,'mitchell.edwin@yahoo.com','Norwood','Medhurst','1974-09-26');
/*!40000 ALTER TABLE `users` ENABLE KEYS */;
UNLOCK TABLES;

--
-- Final view structure for view `money`
--

/*!50001 DROP VIEW IF EXISTS `money`*/;
/*!50001 SET @saved_cs_client          = @@character_set_client */;
/*!50001 SET @saved_cs_results         = @@character_set_results */;
/*!50001 SET @saved_col_connection     = @@collation_connection */;
/*!50001 SET character_set_client      = utf8mb4 */;
/*!50001 SET character_set_results     = utf8mb4 */;
/*!50001 SET collation_connection      = utf8mb4_0900_ai_ci */;
/*!50001 CREATE ALGORITHM=UNDEFINED */
/*!50013 DEFINER=`root`@`localhost` SQL SECURITY DEFINER */
/*!50001 VIEW `money` AS select `movie`.`name` AS `name`,`movie`.`budget` AS `budget`,`movie`.`grosses_usa` AS `grosses_usa`,`movie`.`grossses_all` AS `grossses_all`,((`movie`.`grosses_usa` + `movie`.`grossses_all`) - `movie`.`budget`) AS `profit` from `movie` */;
/*!50001 SET character_set_client      = @saved_cs_client */;
/*!50001 SET character_set_results     = @saved_cs_results */;
/*!50001 SET collation_connection      = @saved_col_connection */;

--
-- Final view structure for view `movies_of_directors`
--

/*!50001 DROP VIEW IF EXISTS `movies_of_directors`*/;
/*!50001 SET @saved_cs_client          = @@character_set_client */;
/*!50001 SET @saved_cs_results         = @@character_set_results */;
/*!50001 SET @saved_col_connection     = @@collation_connection */;
/*!50001 SET character_set_client      = utf8mb4 */;
/*!50001 SET character_set_results     = utf8mb4 */;
/*!50001 SET collation_connection      = utf8mb4_0900_ai_ci */;
/*!50001 CREATE ALGORITHM=UNDEFINED */
/*!50013 DEFINER=`root`@`localhost` SQL SECURITY DEFINER */
/*!50001 VIEW `movies_of_directors` AS select `staff`.`name` AS `name`,`staff`.`f_name` AS `f_name`,`movie`.`name` AS `movie_name` from (((`staff` join `movie_staff` on((`staff`.`staff_id` = `movie_staff`.`staff_id`))) join `movie` on((`movie_staff`.`movie_id` = `movie`.`id`))) join `roles` on((`movie_staff`.`role_id` = `roles`.`role_id`))) where (`roles`.`role` = 'director') */;
/*!50001 SET character_set_client      = @saved_cs_client */;
/*!50001 SET character_set_results     = @saved_cs_results */;
/*!50001 SET collation_connection      = @saved_col_connection */;
/*!40103 SET TIME_ZONE=@OLD_TIME_ZONE */;

/*!40101 SET SQL_MODE=@OLD_SQL_MODE */;
/*!40014 SET FOREIGN_KEY_CHECKS=@OLD_FOREIGN_KEY_CHECKS */;
/*!40014 SET UNIQUE_CHECKS=@OLD_UNIQUE_CHECKS */;
/*!40101 SET CHARACTER_SET_CLIENT=@OLD_CHARACTER_SET_CLIENT */;
/*!40101 SET CHARACTER_SET_RESULTS=@OLD_CHARACTER_SET_RESULTS */;
/*!40101 SET COLLATION_CONNECTION=@OLD_COLLATION_CONNECTION */;
/*!40111 SET SQL_NOTES=@OLD_SQL_NOTES */;

-- Dump completed on 2020-04-10 19:36:16
